source	id	jp	en	max	note
install/FILES.BIN	0x2e6:0x0000	"PlayStation BB Unit"が接続されていません。\nこのゲームを遊ぶためには"PlayStation BB Unit"\nに\\1以上の空き容量が必要です。\nもう一度"PlayStation 2"本体と"PlayStation BB Unit"が\n正しく接続されているか確認してから"PlayStation 2"\n本体を再起動しなおして下さい。\n\n\n	PlayStation BB Unit not connected.\nThis game needs at least \\1 free\non the PlayStation BB Unit.\nCheck that the PlayStation 2 and\nthe PlayStation BB Unit are\nconnected properly, then restart\nthe PlayStation 2.\n\n\n	257	chunk 0x2e6 size 0x14d0 real 0x14c8; copies e0@0x5e710
install/FILES.BIN	0x2e6:0x0103	データの通信が中断されました。\n\nネットワーク通信中に問題が発生した\n可能性があります。\n現在の処理を中断して、もう一度"PlayStation 2"\n本体を再起動しなおして下さい。\n\n\n	Data transfer was interrupted.\n\nA problem may have occurred during\nnetwork communication.\nStop the current operation and\nrestart the PlayStation 2.\n\n\n	165	chunk 0x2e6 size 0x14d0 real 0x14c8; copies e0@0x5e710
install/FILES.BIN	0x2e6:0x01aa	ＩＯＥＲＲＯＲが検出されました。\n\n"PlayStation BB Unit"に障害が発生した\n可能性があります。\n"PlayStation BB Unit"に付属の取扱説明書の指示に\n従って、"PlayStation BB Unit"の修復を行って下さい。\n\n\n\n	An IO ERROR was detected.\n\nThe PlayStation BB Unit may be\nfaulty. Follow the instructions in\nthe PlayStation BB Unit manual to\nrepair it.\n\n\n\n	194	chunk 0x2e6 size 0x14d0 real 0x14c8; copies e0@0x5e710
install/FILES.BIN	0x2e6:0x026e	"PlayStation BB Unit"内のボンバーマン オンライン\nのファイルが破損しています。\n修復するためには"PlayStation 2"本体を再起動して、\nもう一度"HUDSON CHANNEL"から\nボンバーマン オンラインをダウンロード\nしなおしてください。\n\n\n	The Bomberman Online files on the\nPlayStation BB Unit are damaged.\nTo repair them, restart the\nPlayStation 2 and download\nBomberman Online again from\nHUDSON CHANNEL.\n\n\n	218	chunk 0x2e6 size 0x14d0 real 0x14c8; copies e0@0x5e710
install/FILES.BIN	0x2e6:0x034a	\nネットワークが繋がりません。\n\nもう一度ネットワークの設定と\n"PlayStation BB Unit"とネットワークケーブルが\n正しく接続されているか確認してください。\n\n\n	\nCannot connect to the network.\n\nCheck your network settings and\nthat the PlayStation BB Unit and\nnetwork cable are connected\nproperly.\n\n\n	149	chunk 0x2e6 size 0x14d0 real 0x14c8; copies e0@0x5e710
install/FILES.BIN	0x2e6:0x03e1	"DNAS-net"エラー\n\n"DNAS"の認証に失敗しました。\nもう一度ネットワークの設定を確認し、\n再起動しなおしてください。\nエラーコード　\\3\n\n\n	DNAS-net error\n\nDNAS authentication failed.\nCheck your network settings and\nrestart.\nError code: \\3\n\n\n	130	chunk 0x2e6 size 0x14d0 real 0x14c8; copies e0@0x5e710
install/FILES.BIN	0x2e6:0x0465	"PlayStation BB Unit"に、ボンバーマン オンライン\nのパッチデータをダウンロードするための空き容量\nが足りません。\n\n\\2以上の空き容量を確保し、もう一度最初から\nダウンロードしなおしてください。\n\n\n\n	The PlayStation BB Unit does not\nhave enough free space to download\nthe Bomberman Online patch data.\n\nFree up at least \\2 and download\nagain from the beginning.\n\n\n\n	191	chunk 0x2e6 size 0x14d0 real 0x14c8; copies e0@0x5e710
install/FILES.BIN	0x2e6:0x0526	パッチデータのダウンロードに失敗しました。\nデータのダウンロード中にネットワークの\n接続が中断されました。\n再試行してもダウンロードできない場合は、\n"PlayStation 2"本体を再起動して、もう一度最初\nからダウンロードしなおしてください。\n\n\n\n	Failed to download the patch data.\nThe network connection was lost\nduring the download.\nIf retrying does not work, restart\nthe PlayStation 2 and download again\nfrom the beginning.\n\n\n\n	232	chunk 0x2e6 size 0x14d0 real 0x14c8; copies e0@0x5e710
install/FILES.BIN	0x2e6:0x0610	パッチデータのダウンロードに失敗しました。\nデータのダウンロード中に問題が発生した\n可能性があります。\n再試行してもダウンロードできない場合は、\n"PlayStation 2"本体を再起動して、もう一度最初から\nダウンロードしなおしてください。\n\n\n\n	Failed to download the patch data.\nA problem may have occurred during\nthe download.\nIf retrying does not work, restart\nthe PlayStation 2 and download again\nfrom the beginning.\n\n\n\n	228	chunk 0x2e6 size 0x14d0 real 0x14c8; copies e0@0x5e710
install/FILES.BIN	0x2e6:0x06f6	"DNAS-net"エラー\n\n"DNAS"の認証に失敗しました。\nもう一度ネットワークの設定を確認し、\n"PlayStation 2"本体を再起動しなおしてください。\nエラーコード　\\3\n\n\n\n	DNAS-net error\n\nDNAS authentication failed.\nCheck your network settings and\nrestart the PlayStation 2.\nError code: \\3\n\n\n\n	152	chunk 0x2e6 size 0x14d0 real 0x14c8; copies e0@0x5e710
install/FILES.BIN	0x2e6:0x0790	"PlayStation BB Unit"にボンバーマン オンライン\nをインストールするための空き容量が足りません。\n\n\\1以上の空き容量を確保し、もう一度最初から\nインストールしなおしてください。\n\n\n\n\n	The PlayStation BB Unit does not\nhave enough free space to install\nBomberman Online.\n\nFree up at least \\1 and install\nagain from the beginning.\n\n\n\n\n	175	chunk 0x2e6 size 0x14d0 real 0x14c8; copies e0@0x5e710
install/FILES.BIN	0x2e6:0x0841	ボンバーマン オンラインの\nインストールができませんでした。\nインストール中に問題が発生した可能性があります。\n再試行してもインストールに失敗する場合は、\n"PlayStation 2"本体を再起動して、もう一度\n最初からインストールしなおしてください。\n\n\n\n	Could not install Bomberman Online.\nA problem may have occurred during\ninstallation.\nIf installation keeps failing,\nrestart the PlayStation 2 and\ninstall again from the beginning.\n\n\n\n	237	chunk 0x2e6 size 0x14d0 real 0x14c8; copies e0@0x5e710
install/FILES.BIN	0x2e6:0x0930	"PlayStation BB Navigator"のネットワーク設定が\n正しくおこなわれておりません。\nこのゲームを遊ぶためには"PlayStation BB Unit"に\n"PlayStation BB Navigator"Version 0.30以上を\nインストールし、"PlayStation BB Navigator"の\nネットワーク設定をしていただく必要があります。\n\n\n\n	The network settings for\nPlayStation BB Navigator are not\nset up correctly.\nTo play this game, install\nPlayStation BB Navigator\nVersion 0.30 or later on the\nPlayStation BB Unit and set up its\nnetwork settings.\n\n\n\n	266	chunk 0x2e6 size 0x14d0 real 0x14c8; copies e0@0x5e710
install/FILES.BIN	0x2e6:0x0a3c	サーバーメンテナンス中です。\n\nまことに申し訳ありませんが、現在サーバーが\nメンテナンス中のため、接続できません。\n時間をおいてから再度接続しなおしてください。\n\n\n	Server maintenance in progress.\n\nWe apologize, but the server is\ncurrently under maintenance and\ncannot be reached.\nPlease try connecting again later.\n\n\n	159	chunk 0x2e6 size 0x14d0 real 0x14c8; copies e0@0x5e710
install/FILES.BIN	0x2e6:0x0add	ネットワークの初期化中です\n\n	Initializing network...\n\n	28	chunk 0x2e6 size 0x14d0 real 0x14c8; copies e0@0x5e710
install/FILES.BIN	0x2e6:0x0afb	"DNAS"サーバーへ接続中です\n\n	Contacting DNAS server...\n\n	28	chunk 0x2e6 size 0x14d0 real 0x14c8; copies e0@0x5e710
install/FILES.BIN	0x2e6:0x0b19	"DNAS"認証中です\n\n	Checking DNAS...\n\n	18	chunk 0x2e6 size 0x14d0 real 0x14c8; copies e0@0x5e710
install/FILES.BIN	0x2e6:0x0b2d	パッチサーバーへ接続中です\n\n	Contacting patch server...\n\n	28	chunk 0x2e6 size 0x14d0 real 0x14c8; copies e0@0x5e710
install/FILES.BIN	0x2e6:0x0b4b	ゲームのバージョンチェック中です\n\n\n\n	Checking game version...\n\n\n\n	36	chunk 0x2e6 size 0x14d0 real 0x14c8; copies e0@0x5e710
install/FILES.BIN	0x2e6:0x0b71	パッチデータのダウンロード\n	Download Patch Data\n	27	chunk 0x2e6 size 0x14d0 real 0x14c8; copies e0@0x5e710
install/FILES.BIN	0x2e6:0x0b8e	最新のバージョンがリリースされました。\n\nボンバーマン オンラインは、サーバー側の\nプログラム更新にともない、ユーザー側も\n常に最新のバージョンで遊ぶ必要があります。\n\nダウンロードを開始しますか？\n\n\n	A new version has been released.\n\nAs the server program is updated,\nBomberman Online must always be\nplayed with the latest version.\n\nStart the download?\n\n\n	194	chunk 0x2e6 size 0x14d0 real 0x14c8; copies e0@0x5e710
install/FILES.BIN	0x2e6:0x0c52	パッチデータのダウンロード\n	Download Patch Data\n	27	chunk 0x2e6 size 0x14d0 real 0x14c8; copies e0@0x5e710
install/FILES.BIN	0x2e6:0x0c6f	\n\nアップデート作業中はファイルが壊れるおそれが\nありますので、"PlayStation 2"本体の電源を切ったり、\nリセットをしないでください。\n\n\n	\n\nFiles may be damaged during the\nupdate. Do not turn off or reset\nthe PlayStation 2.\n\n\n	130	chunk 0x2e6 size 0x14d0 real 0x14c8; copies e0@0x5e710
install/FILES.BIN	0x2e6:0x0cf3	ダウンロードが完了しました\n	Download complete\n	27	chunk 0x2e6 size 0x14d0 real 0x14c8; copies e0@0x5e710
install/FILES.BIN	0x2e6:0x0d10	"PlayStation BB Unit"内の\nボンバーマン オンラインのプログラムデータが\n最新のバージョンに更新されました。\n\n"PlayStation 2"本体の電源を切って、\n手動で起動しなおしてください。\n\n\n	The Bomberman Online program data\non the PlayStation BB Unit has been\nupdated to the latest version.\n\nTurn off the PlayStation 2, then\nstart it again manually.\n\n\n	175	chunk 0x2e6 size 0x14d0 real 0x14c8; copies e0@0x5e710
install/FILES.BIN	0x2e6:0x0dc1	ダウンロードを中止しました\n	Download canceled\n	27	chunk 0x2e6 size 0x14d0 real 0x14c8; copies e0@0x5e710
install/FILES.BIN	0x2e6:0x0dde	ボンバーマン オンラインは、常に最新のバージョン\nへ更新しなければ遊ぶことができません。\n\n早急にパッチデータのダウンロード\nをされることをおすすめいたします。\n\n\n	Bomberman Online cannot be played\nunless it is updated to the latest\nversion.\n\nWe recommend downloading the\npatch data as soon as possible.\n\n\n	158	chunk 0x2e6 size 0x14d0 real 0x14c8; copies e0@0x5e710
install/FILES.BIN	0x2e6:0x0e7e	インストールの前に\n	Before Installing\n	19	chunk 0x2e6 size 0x14d0 real 0x14c8; copies e0@0x5e710
install/FILES.BIN	0x2e6:0x0e93	ボンバーマン オンラインは"PlayStation BB Unit"\n及びネットワーク専用ゲームです。\n　　　　　\nボンバーマン オンラインを遊ぶためにはお客様の\n"PlayStation 2"本体に"PlayStation BB Unit"が\n接続され、専用プロバイダーとの契約がお済に\nなっている必要があります。\n\nまた、ボンバーマン オンラインを遊ぶ前には、\n"PlayStation BB Unit"へのインストールが必要です。\n\n\n	Bomberman Online is a game for the\nPlayStation BB Unit and network\nplay only.\n\nTo play, your PlayStation 2 must\nhave a PlayStation BB Unit\nconnected, and you must have a\ncontract with a supported provider.\n\nBomberman Online must also be\ninstalled on the PlayStation BB Unit\nbefore you can play.\n\n\n	349	chunk 0x2e6 size 0x14d0 real 0x14c8; copies e0@0x5e710
install/FILES.BIN	0x2e6:0x0ff2	ゲームのインストール\n	Install Game\n	21	chunk 0x2e6 size 0x14d0 real 0x14c8; copies e0@0x5e710
install/FILES.BIN	0x2e6:0x1009	ボンバーマン オンラインのインストールには\n"PlayStation BB Unit"内に\\1以上の空き容量が\n必要になります。\n\nインストールを開始しますか？\n\n	Installing Bomberman Online needs\nat least \\1 of free space on the\nPlayStation BB Unit.\n\nStart the installation?\n\n	134	chunk 0x2e6 size 0x14d0 real 0x14c8; copies e0@0x5e710
install/FILES.BIN	0x2e6:0x1091	ゲームのインストール\n	Install Game\n	21	chunk 0x2e6 size 0x14d0 real 0x14c8; copies e0@0x5e710
install/FILES.BIN	0x2e6:0x10a8	ボンバーマン オンラインをインストールしています。\n\nインストール中はファイルが壊れるおそれが\nありますので、"PlayStation 2"本体の電源を切ったり、\nリセットをしないでください。\n\n\n	Installing Bomberman Online.\n\nFiles may be damaged during the\ninstallation. Do not turn off or\nreset the PlayStation 2.\n\n\n	175	chunk 0x2e6 size 0x14d0 real 0x14c8; copies e0@0x5e710
install/FILES.BIN	0x2e6:0x1159	インストールが完了しました\n	Installation complete\n	27	chunk 0x2e6 size 0x14d0 real 0x14c8; copies e0@0x5e710
install/FILES.BIN	0x2e6:0x1176	ボンバーマン オンラインのインストールが完了しました。\n"PlayStation 2"本体からディスクを取り出し、\n"PlayStation 2"本体を再起動しなおしてください。\n\nゲームをプレイするためにはＩＤの登録が必要になります。\n事前に"HUDSON CHANNEL"の"BOMBERMAN ONLINE"ページにて\nＩＤの登録を行ってください。\n\n\n	Bomberman Online has been installed.\nRemove the disc from the\nPlayStation 2 and restart it.\n\nYou must register an ID to play.\nRegister your ID beforehand on the\nBOMBERMAN ONLINE page of\nHUDSON CHANNEL.\n\n\n	286	chunk 0x2e6 size 0x14d0 real 0x14c8; copies e0@0x5e710
install/FILES.BIN	0x2e6:0x1296	インストールを中止しました\n	Installation canceled\n	27	chunk 0x2e6 size 0x14d0 real 0x14c8; copies e0@0x5e710
install/FILES.BIN	0x2e6:0x12b3	このままではボンバーマン オンラインを\n遊ぶことができません。\n\n"PlayStation 2"本体を再起動して、もう一度最初から\nインストールしなおすことをおすすめいたします。\n\n\n	Bomberman Online cannot be played\nin its current state.\n\nWe recommend restarting the\nPlayStation 2 and installing again\nfrom the beginning.\n\n\n	161	chunk 0x2e6 size 0x14d0 real 0x14c8; copies e0@0x5e710
install/FILES.BIN	0x2e6:0x1356	ゲームの再インストール\n	Reinstall Game\n	23	chunk 0x2e6 size 0x14d0 real 0x14c8; copies e0@0x5e710
install/FILES.BIN	0x2e6:0x136f	この"PlayStation BB Unit"には、既に\nボンバーマン オンラインがインストールされています。\nゲームの再インストールを実行すると、保存されていたデータ\nや、ダウンロードしたパッチデータが失われてしまいます。\n\n再インストールをせずにゲームをプレイする場合は、\n"PlayStation 2"本体からディスクを取り出し、\n"PlayStation 2"本体を再起動しなおしてください。\n\n	This PlayStation BB Unit already\nhas Bomberman Online installed.\nReinstalling the game will erase\nyour saved data and any patch data\nyou have downloaded.\n\nTo play without reinstalling,\nremove the disc from the\nPlayStation 2 and restart it.\n\n	351	chunk 0x2e6 size 0x14d0 real 0x14c8; copies e0@0x5e710
install/FILES.BIN	0x337:0x0000	現在"DNAS"サーバーが処理を\n受け付けることができません。\nしばらく時間をおいてから再接続してください。\n\n	The DNAS server cannot accept\nrequests right now.\nPlease reconnect after a while.\n\n	102	chunk 0x337 size 0x470 real 0x461; copies e0@0x5fbf0
install/FILES.BIN	0x337:0x0068	タイトルの"DNAS"認証サービス期間以前です。\n\n	DNAS service for this title\nhas not begun.\n\n	44	chunk 0x337 size 0x470 real 0x461; copies e0@0x5fbf0
install/FILES.BIN	0x337:0x0096	タイトルの"DNAS"認証サービス期間が終了しました。\n\n	DNAS service for this title\nhas ended.\n\n	50	chunk 0x337 size 0x470 real 0x461; copies e0@0x5fbf0
install/FILES.BIN	0x337:0x00ca	全ての"DNAS"サービスが終了しました。\n\n	All DNAS services have ended.\n\n	38	chunk 0x337 size 0x470 real 0x461; copies e0@0x5fbf0
install/FILES.BIN	0x337:0x00f2	"DNAS"サーバーとの接続がタイムアウトしました。\nしばらく時間をおいてから再接続してください。\n\n	Connection to the DNAS server\ntimed out.\nPlease reconnect after a while.\n\n	93	chunk 0x337 size 0x470 real 0x461; copies e0@0x5fbf0
install/FILES.BIN	0x337:0x0151	サーバーが正常に動作しておりません。\nしばらく時間をおいてから再接続してください。\n\n	The server is not working properly.\nPlease reconnect after a while.\n\n	83	chunk 0x337 size 0x470 real 0x461; copies e0@0x5fbf0
install/FILES.BIN	0x337:0x01a6	"DNAS"エラーがおこりました。\n\n	A DNAS error occurred.\n\n	30	chunk 0x337 size 0x470 real 0x461; copies e0@0x5fbf0
install/FILES.BIN	0x337:0x01c6	"DNAS"サーバーエラーです。\n\n\n	DNAS server error.\n\n\n	29	chunk 0x337 size 0x470 real 0x461; copies e0@0x5fbf0
install/FILES.BIN	0x337:0x01e5	ユニークIDエラーです。\n\n	Unique ID error.\n\n	24	chunk 0x337 size 0x470 real 0x461; copies e0@0x5fbf0
install/FILES.BIN	0x337:0x01ff	ユニークIDエラーです。\n\n\n	Unique ID error.\n\n\n	25	chunk 0x337 size 0x470 real 0x461; copies e0@0x5fbf0
install/FILES.BIN	0x337:0x021a	ダウンロードエラーです。\n\n	Download error.\n\n	26	chunk 0x337 size 0x470 real 0x461; copies e0@0x5fbf0
install/FILES.BIN	0x337:0x0236	ダウンロードエラーです。\n\n	Download error.\n\n	26	chunk 0x337 size 0x470 real 0x461; copies e0@0x5fbf0
install/FILES.BIN	0x337:0x0252	ダウンロードエラーです。\n\n	Download error.\n\n	26	chunk 0x337 size 0x470 real 0x461; copies e0@0x5fbf0
install/FILES.BIN	0x337:0x026e	ダウンロードエラーです。\n\n\n	Download error.\n\n\n	27	chunk 0x337 size 0x470 real 0x461; copies e0@0x5fbf0
install/FILES.BIN	0x337:0x028b	機器情報エラーです。\n\n	Device info error.\n\n	22	chunk 0x337 size 0x470 real 0x461; copies e0@0x5fbf0
install/FILES.BIN	0x337:0x02a3	機器情報エラーです。\n\n	Device info error.\n\n	22	chunk 0x337 size 0x470 real 0x461; copies e0@0x5fbf0
install/FILES.BIN	0x337:0x02bb	機器情報エラーです。\n\n	Device info error.\n\n	22	chunk 0x337 size 0x470 real 0x461; copies e0@0x5fbf0
install/FILES.BIN	0x337:0x02d3	機器情報エラーです。\n\n\n	Device info error.\n\n\n	23	chunk 0x337 size 0x470 real 0x461; copies e0@0x5fbf0
install/FILES.BIN	0x337:0x02ec	"DNAS"エラーがおこりました。\n\n\n	A DNAS error occurred.\n\n\n	31	chunk 0x337 size 0x470 real 0x461; copies e0@0x5fbf0
install/FILES.BIN	0x337:0x030d	通信エラーです。\n\n	Network error.\n\n	18	chunk 0x337 size 0x470 real 0x461; copies e0@0x5fbf0
install/FILES.BIN	0x337:0x0321	通信エラーです。\n\n	Network error.\n\n	18	chunk 0x337 size 0x470 real 0x461; copies e0@0x5fbf0
install/FILES.BIN	0x337:0x0335	通信エラーです。\n\n	Network error.\n\n	18	chunk 0x337 size 0x470 real 0x461; copies e0@0x5fbf0
install/FILES.BIN	0x337:0x0349	通信エラーです。\n\n	Network error.\n\n	18	chunk 0x337 size 0x470 real 0x461; copies e0@0x5fbf0
install/FILES.BIN	0x337:0x035d	通信エラーです。\n\n	Network error.\n\n	18	chunk 0x337 size 0x470 real 0x461; copies e0@0x5fbf0
install/FILES.BIN	0x337:0x0371	通信エラーです。\n\n	Network error.\n\n	18	chunk 0x337 size 0x470 real 0x461; copies e0@0x5fbf0
install/FILES.BIN	0x337:0x0385	通信エラーです。\n\n	Network error.\n\n	18	chunk 0x337 size 0x470 real 0x461; copies e0@0x5fbf0
install/FILES.BIN	0x337:0x0399	通信エラーです。\n\n	Network error.\n\n	18	chunk 0x337 size 0x470 real 0x461; copies e0@0x5fbf0
install/FILES.BIN	0x337:0x03ad	通信エラーです。\n\n	Network error.\n\n	18	chunk 0x337 size 0x470 real 0x461; copies e0@0x5fbf0
install/FILES.BIN	0x337:0x03c1	通信エラーです。\n\n	Network error.\n\n	18	chunk 0x337 size 0x470 real 0x461; copies e0@0x5fbf0
install/FILES.BIN	0x337:0x03d5	通信エラーです。\n\n	Network error.\n\n	18	chunk 0x337 size 0x470 real 0x461; copies e0@0x5fbf0
install/FILES.BIN	0x337:0x03e9	通信エラーです。\n\n	Network error.\n\n	18	chunk 0x337 size 0x470 real 0x461; copies e0@0x5fbf0
install/FILES.BIN	0x337:0x03fd	通信エラーです。\n\n	Network error.\n\n	18	chunk 0x337 size 0x470 real 0x461; copies e0@0x5fbf0
install/FILES.BIN	0x337:0x0411	通信エラーです。\n\n	Network error.\n\n	18	chunk 0x337 size 0x470 real 0x461; copies e0@0x5fbf0
install/FILES.BIN	0x337:0x0425	通信エラーです。\n\n	Network error.\n\n	18	chunk 0x337 size 0x470 real 0x461; copies e0@0x5fbf0
install/FILES.BIN	0x337:0x0439	通信エラーです。\n\n	Network error.\n\n	18	chunk 0x337 size 0x470 real 0x461; copies e0@0x5fbf0
install/FILES.BIN	0x337:0x044d	通信エラーです。\n\n	Network error.\n\n	33	chunk 0x337 size 0x470 real 0x461; copies e0@0x5fbf0
install/FILES.BIN	0x3d9:0x0000	"PlayStation BB Unit"内の「ネットでボンバーマン」\nのファイルが破損しています。\n修復するためには【再インストール】を選択して\n「ネットでボンバーマン」を再インストールするか、\n"PlayStation 2"本体を再起動して、\n"PlayStation BB Unit"内の「ネットでボンバーマン」\nを削除してからゲームを起動しなおしてください。\n\n\n\n	The Net de Bomberman files on the\nPlayStation BB Unit are damaged.\nTo repair them, select [Reinstall]\nand reinstall Net de Bomberman, or\nrestart the PlayStation 2, delete\nNet de Bomberman from the\nPlayStation BB Unit, and then start\nthe game again.\n\n\n\n	307	chunk 0x3d9 size 0xea0 real 0xe99; copies e0@0x60070
install/FILES.BIN	0x3d9:0x0135	"PlayStation BB Unit"に、「ネットでボンバーマン」\nのパッチデータをダウンロードするための空き容量\nが足りません。\n\n\\2以上の空き容量を確保し、もう一度最初から\nダウンロードしなおしてください。\n\n\n\n	The PlayStation BB Unit does not\nhave enough free space to download\nthe Net de Bomberman patch data.\n\nFree up at least \\2 and download\nagain from the beginning.\n\n\n\n	192	chunk 0x3d9 size 0xea0 real 0xe99; copies e0@0x60070
install/FILES.BIN	0x3d9:0x01f7	"PlayStation BB Unit"に「ネットでボンバーマン」\nをインストールするための空き容量が足りません。\n\n\\1以上の空き容量を確保し、もう一度最初から\nインストールしなおしてください。\n\n\n\n\n	The PlayStation BB Unit does not\nhave enough free space to install\nNet de Bomberman.\n\nFree up at least \\1 and install\nagain from the beginning.\n\n\n\n\n	176	chunk 0x3d9 size 0xea0 real 0xe99; copies e0@0x60070
install/FILES.BIN	0x3d9:0x02a9	「ネットでボンバーマン」の\nインストールができませんでした。\nインストール中に問題が発生した可能性があります。\n再試行してもインストールに失敗する場合は、\n"PlayStation 2"本体を再起動して、もう一度\n最初からインストールしなおしてください。\n\n\n\n	Could not install Net de Bomberman.\nA problem may have occurred during\ninstallation.\nIf installation keeps failing,\nrestart the PlayStation 2 and\ninstall again from the beginning.\n\n\n\n	238	chunk 0x3d9 size 0xea0 real 0xe99; copies e0@0x60070
install/FILES.BIN	0x3d9:0x0399	"PlayStation BB Unit"が初期化されていません。\n\nこのゲームを遊ぶためには\n"PlayStation BB Unit"を初期化し、\n"PlayStation BB Navigator"Version 0.30以上が\nインストールされている必要があります。\n\n\n\n	The PlayStation BB Unit has not\nbeen initialized.\n\nTo play this game, initialize the\nPlayStation BB Unit and install\nPlayStation BB Navigator\nVersion 0.30 or later.\n\n\n\n	193	chunk 0x3d9 size 0xea0 real 0xe99; copies e0@0x60070
install/FILES.BIN	0x3d9:0x045c	この"PlayStation BB Unit"は使用できません。\n\n\n\n	This PlayStation BB Unit cannot\nbe used.\n\n\n\n	47	chunk 0x3d9 size 0xea0 real 0xe99; copies e0@0x60070
install/FILES.BIN	0x3d9:0x048d	"PlayStation BB Unit"が別の"PlayStation 2"\n本体に接続された可能性があります。\n改めて"PlayStation BB Unit"のネットワーク\n設定をおこなってください。\n\n\n\n\n\n\n	The PlayStation BB Unit may have\nbeen connected to another\nPlayStation 2. Please redo the\nPlayStation BB Unit network\nsettings.\n\n\n\n\n\n\n	153	chunk 0x3d9 size 0xea0 real 0xe99; copies e0@0x60070
install/FILES.BIN	0x3d9:0x0528	パッチデータのダウンロード\n	Download Patch Data\n	27	chunk 0x3d9 size 0xea0 real 0xe99; copies e0@0x60070
install/FILES.BIN	0x3d9:0x0545	最新のバージョンがリリースされました。\n「ネットでボンバーマン」は、サーバー側の\nプログラム更新にともない、ユーザー側も\n常に最新のバージョンで遊ぶ必要があります。\n\nダウンロードを開始しますか？\n\n\n	A new version has been released.\nAs the server program is updated,\nNet de Bomberman must always be\nplayed with the latest version.\n\nStart the download?\n\n\n	194	chunk 0x3d9 size 0xea0 real 0xe99; copies e0@0x60070
install/FILES.BIN	0x3d9:0x0609	全パッチデータのダウンロードには\n"PlayStation BB Unit"内に\\2以上の\n空き容量が必要になります。\n\n\n\n	Downloading all patch data needs\nat least \\2 of free space on the\nPlayStation BB Unit.\n\n\n\n	97	chunk 0x3d9 size 0xea0 real 0xe99; copies e0@0x60070
install/FILES.BIN	0x3d9:0x066c	ダウンロードが完了しました\n	Download complete\n	27	chunk 0x3d9 size 0xea0 real 0xe99; copies e0@0x60070
install/FILES.BIN	0x3d9:0x0689	"PlayStation BB Unit"内の\n「ネットでボンバーマン」のプログラムデータが\n最新のバージョンに更新されました。\n\n"PlayStation 2"本体の電源を切って、\n手動で起動しなおしてください。\n\n\n	The Net de Bomberman program data\non the PlayStation BB Unit has been\nupdated to the latest version.\n\nTurn off the PlayStation 2, then\nstart it again manually.\n\n\n	176	chunk 0x3d9 size 0xea0 real 0xe99; copies e0@0x60070
install/FILES.BIN	0x3d9:0x073b	ダウンロードを中止しました\n	Download canceled\n	27	chunk 0x3d9 size 0xea0 real 0xe99; copies e0@0x60070
install/FILES.BIN	0x3d9:0x0758	「ネットでボンバーマン」は、常に最新のバージョン\nへ更新しなければ遊ぶことができません。\n\n早急にパッチデータのダウンロード\nをされることをおすすめいたします。\n\n\n	Net de Bomberman cannot be played\nunless it is updated to the latest\nversion.\n\nWe recommend downloading the\npatch data as soon as possible.\n\n\n	159	chunk 0x3d9 size 0xea0 real 0xe99; copies e0@0x60070
install/FILES.BIN	0x3d9:0x07f9	インストールの前に\n	Before Installing\n	19	chunk 0x3d9 size 0xea0 real 0xe99; copies e0@0x60070
install/FILES.BIN	0x3d9:0x080e	「ネットでボンバーマン」は"PlayStation BB Unit"\n及びネットワーク専用ゲームです。\n\n「ネットでボンバーマン」を遊ぶためにはお客様の\n"PlayStation 2"本体に"PlayStation BB Unit"が\n接続され、専用プロバイダーとの契約がお済に\nなっている必要があります。\n\nまた、「ネットでボンバーマン」を遊ぶ前には、\n"PlayStation BB Unit"へのインストールが必要です。\n\n\n	Net de Bomberman is a game for the\nPlayStation BB Unit and network\nplay only.\n\nTo play, your PlayStation 2 must\nhave a PlayStation BB Unit\nconnected, and you must have a\ncontract with a supported provider.\n\nNet de Bomberman must also be\ninstalled on the PlayStation BB Unit\nbefore you can play.\n\n\n	342	chunk 0x3d9 size 0xea0 real 0xe99; copies e0@0x60070
install/FILES.BIN	0x3d9:0x0966	ゲームのインストール\n	Install Game\n	21	chunk 0x3d9 size 0xea0 real 0xe99; copies e0@0x60070
install/FILES.BIN	0x3d9:0x097d	「ネットでボンバーマン」のインストールには\n"PlayStation BB Unit"内に\\1以上の空き容量が\n必要になります。\n\nインストールを開始しますか？\n\n	Installing Net de Bomberman needs\nat least \\1 of free space on the\nPlayStation BB Unit.\n\nStart the installation?\n\n	135	chunk 0x3d9 size 0xea0 real 0xe99; copies e0@0x60070
install/FILES.BIN	0x3d9:0x0a06	ゲームのインストール\n	Install Game\n	21	chunk 0x3d9 size 0xea0 real 0xe99; copies e0@0x60070
install/FILES.BIN	0x3d9:0x0a1d	「ネットでボンバーマン」をインストールしています。\n\nインストール中はファイルが壊れるおそれが\nありますので、"PlayStation 2"本体の電源を切ったり、\nリセットをしないでください。\n\n\n	Installing Net de Bomberman.\n\nFiles may be damaged during the\ninstallation. Do not turn off or\nreset the PlayStation 2.\n\n\n	176	chunk 0x3d9 size 0xea0 real 0xe99; copies e0@0x60070
install/FILES.BIN	0x3d9:0x0acf	インストールが完了しました\n	Installation complete\n	27	chunk 0x3d9 size 0xea0 real 0xe99; copies e0@0x60070
install/FILES.BIN	0x3d9:0x0aec	「ネットでボンバーマン」のインストールが完了しました。\n\n"PlayStation 2"本体を再起動しなおしてください。\n\nゲームをプレイするためにはfeega-IDが必要になります。\nまだfeega-IDをお持ちでない方は、"feega-IDメニュー"\nからfeega入会手続きを行ってください。\n\n\n	Net de Bomberman has been installed.\n\nPlease restart the PlayStation 2.\n\nA feega-ID is required to play.\nIf you do not have a feega-ID yet,\nsign up for feega from the\n"feega-ID Menu".\n\n\n	249	chunk 0x3d9 size 0xea0 real 0xe99; copies e0@0x60070
install/FILES.BIN	0x3d9:0x0be7	インストールを中止しました\n	Installation canceled\n	27	chunk 0x3d9 size 0xea0 real 0xe99; copies e0@0x60070
install/FILES.BIN	0x3d9:0x0c04	「ネットでボンバーマン」は\nインストールされませんでした。\n\nインストールを続ける場合は\n"PlayStation 2"本体を再起動して、もう一度最初から\nインストールをやりなおしてください。\n\n\n	Net de Bomberman was not installed.\n\nTo continue the installation,\nrestart the PlayStation 2 and\ninstall again from the beginning.\n\n\n	175	chunk 0x3d9 size 0xea0 real 0xe99; copies e0@0x60070
install/FILES.BIN	0x3d9:0x0cb5	ゲームの再インストール\n	Reinstall Game\n	23	chunk 0x3d9 size 0xea0 real 0xe99; copies e0@0x60070
install/FILES.BIN	0x3d9:0x0cce	この"PlayStation BB Unit"には、既に\n「ネットでボンバーマン」がインストールされています。\n\n【ゲームのインストールへ】を選択すると、\n"PlayStation BB Unit"に「ネットでボンバーマン」を\nインストールしなおすことができます。\n\n\n\n	This PlayStation BB Unit already\nhas Net de Bomberman installed.\n\nSelect [Install Game] to\nreinstall Net de Bomberman on the\nPlayStation BB Unit.\n\n\n\n	221	chunk 0x3d9 size 0xea0 real 0xe99; copies e0@0x60070
install/FILES.BIN	0x3d9:0x0dad	ゲームのインストール\n	Install Game\n	21	chunk 0x3d9 size 0xea0 real 0xe99; copies e0@0x60070
install/FILES.BIN	0x3d9:0x0dc4	最新のバージョンがリリースされています。\nこのままディスクからインストールせずに、直接最新の\nゲームデータをダウンロードする事ができます。\n\nディスクからのインストールをせずに、最新版の\nダウンロードを行いますか？\n\n	A new version has been released.\nYou can skip installing from the\ndisc and download the latest game\ndata directly.\n\nSkip the disc install and download\nthe latest version?\n\n	218	chunk 0x3d9 size 0xea0 real 0xe99; copies e0@0x60070
install/FILES.BIN	0x3c1:0x0000	他プレイヤーの応答がないため、ゲームの\n接続処理を中断しました。\nゲームを開始することが出来ません。\n\nロビー画面へ戻ります。\n(エラーコード BBG00)\n\n	No response from other players,\nso the game connection was stopped.\nThe game cannot be started.\n\nReturning to the lobby.\n(Error code BBG00)\n\n	145	chunk 0x3c1 size 0x480 real 0x472; copies e0@0x60f20
install/FILES.BIN	0x3c1:0x0093	他プレイヤーの応答がないため、ゲームの\n接続処理を中断しました。\nゲームを開始することが出来ません。\n\nロビー画面へ戻ります。\n(エラーコード BBG01)\n\n	No response from other players,\nso the game connection was stopped.\nThe game cannot be started.\n\nReturning to the lobby.\n(Error code BBG01)\n\n	145	chunk 0x3c1 size 0x480 real 0x472; copies e0@0x60f20
install/FILES.BIN	0x3c1:0x0126	[%s]さんがゲームから切断されました。\n\n\n	[%s] was disconnected\nfrom the game.\n\n\n	39	chunk 0x3c1 size 0x480 real 0x472; copies e0@0x60f20
install/FILES.BIN	0x3c1:0x014f	[%s]さんがゲームを中断しました。\n\n	[%s] quit the game.\n\n	34	chunk 0x3c1 size 0x480 real 0x472; copies e0@0x60f20
install/FILES.BIN	0x3c1:0x0173	[%s]さんがゲームから一時切断されました。\n\n	[%s] was briefly\ndisconnected.\n\n	42	chunk 0x3c1 size 0x480 real 0x472; copies e0@0x60f20
install/FILES.BIN	0x3c1:0x019f	%sさんがゲームを中断したため、\nゲームの接続が解除されました。\n\nルームへ戻ります。\n\n\n	%s quit the game, so the\ngame connection was closed.\n\nReturning to the room.\n\n\n	84	chunk 0x3c1 size 0x480 real 0x472; copies e0@0x60f20
install/FILES.BIN	0x3c1:0x01f5	ネットワークの通信を確立できなかったため、\nゲームからの接続が解除されました。\nゲームを続けることができません。\n\nロビー画面へ戻ります。\n\n\n	Could not establish network\ncommunication, so you were\ndisconnected from the game.\nThe game cannot continue.\n\nReturning to the lobby.\n\n\n	137	chunk 0x3c1 size 0x480 real 0x472; copies e0@0x60f20
install/FILES.BIN	0x3c1:0x0280	ネットワークの通信を確立できなかったため、\nゲームからの接続が解除されました。\nゲームを続けることができません。\n\nログイン画面へ戻ります。\nもう一度ログインしなおしてください。\n\n\n	Could not establish network\ncommunication, so you were\ndisconnected from the game.\nThe game cannot continue.\n\nReturning to the login screen.\nPlease log in again.\n\n\n	176	chunk 0x3c1 size 0x480 real 0x472; copies e0@0x60f20
install/FILES.BIN	0x3c1:0x0332	ネットワークの通信を確立できなかったため、\nゲームからの接続が解除されました。\nゲームを続けることができません。\n\nロビー画面へ戻ります。\n\n\n	Could not establish network\ncommunication, so you were\ndisconnected from the game.\nThe game cannot continue.\n\nReturning to the lobby.\n\n\n	137	chunk 0x3c1 size 0x480 real 0x472; copies e0@0x60f20
install/FILES.BIN	0x3c1:0x03bd	ゲームの接続を待っています\n\n	Waiting for connection...\n\n	28	chunk 0x3c1 size 0x480 real 0x472; copies e0@0x60f20
install/FILES.BIN	0x3c1:0x03db	ネットワークが切断されました。\n\nもう一度ネットワークの設定と\n"PlayStation BB Unit"とネットワークケーブルが\n正しく接続されているか確認してください。\n\n	The network was disconnected.\n\nCheck your network settings and\nthat the PlayStation BB Unit and\nnetwork cable are connected\nproperly.\n\n	163	chunk 0x3c1 size 0x480 real 0x472; copies e0@0x60f20
install/FILES.BIN	0x3c2:0x0000	ゲームを終了しますか？\n途中でゲームを放棄すると、100Point\n減点されます。\n\n\n	Quit the game?\nQuitting midway will cost you\n100 points.\n\n\n	75	chunk 0x3c2 size 0x150 real 0x14b; copies e0@0x613b0
install/FILES.BIN	0x3c2:0x004d	ゲームを終了しますか？\n途中でゲームを放棄すると、300Point\n減点されます。\n\n\n	Quit the game?\nQuitting midway will cost you\n300 points.\n\n\n	75	chunk 0x3c2 size 0x150 real 0x14b; copies e0@0x613b0
install/FILES.BIN	0x3c2:0x009a	ゲームを終了しますか？\nゲームを放棄すると、他の人もゲーム\nを続けることができなくなります。\n\n\n	Quit the game?\nIf you quit, the other players\nwill not be able to continue.\n\n\n	93	chunk 0x3c2 size 0x150 real 0x14b; copies e0@0x613b0
install/FILES.BIN	0x3c2:0x00f9	途中でゲームを放棄すると、300Point\n減点されます。\n本当にゲームを終了しますか？\n\n	Quitting midway will cost you\n300 points.\nReally quit the game?\n\n	85	chunk 0x3c2 size 0x150 real 0x14b; copies e0@0x613b0
install/FILES.BIN	0x3ad:0x0000	他プレイヤーの応答がないため、ゲームの\n接続処理を中断しました。\nゲームを開始することが出来ません。\n\nロビー画面へ戻ります。\n(エラーコード BBG00)\n\n	No response from other players,\nso the game connection was stopped.\nThe game cannot be started.\n\nReturning to the lobby.\n(Error code BBG00)\n\n	145	chunk 0x3ad size 0x480 real 0x472; copies e38@0x16af140
install/FILES.BIN	0x3ad:0x0093	他プレイヤーの応答がないため、ゲームの\n接続処理を中断しました。\nゲームを開始することが出来ません。\n\nロビー画面へ戻ります。\n(エラーコード BBG01)\n\n	No response from other players,\nso the game connection was stopped.\nThe game cannot be started.\n\nReturning to the lobby.\n(Error code BBG01)\n\n	145	chunk 0x3ad size 0x480 real 0x472; copies e38@0x16af140
install/FILES.BIN	0x3ad:0x0126	[%s]さんがゲームから切断されました。\n\n\n	[%s] was disconnected\nfrom the game.\n\n\n	39	chunk 0x3ad size 0x480 real 0x472; copies e38@0x16af140
install/FILES.BIN	0x3ad:0x014f	[%s]さんがゲームを中断しました。\n\n	[%s] quit the game.\n\n	34	chunk 0x3ad size 0x480 real 0x472; copies e38@0x16af140
install/FILES.BIN	0x3ad:0x0173	[%s]さんがゲームから一時切断されました。\n\n	[%s] was briefly\ndisconnected.\n\n	42	chunk 0x3ad size 0x480 real 0x472; copies e38@0x16af140
install/FILES.BIN	0x3ad:0x019f	%sさんがゲームを中断したため、\nゲームの接続が解除されました。\n\nルームへ戻ります。\n\n\n	%s quit the game, so the\ngame connection was closed.\n\nReturning to the room.\n\n\n	84	chunk 0x3ad size 0x480 real 0x472; copies e38@0x16af140
install/FILES.BIN	0x3ad:0x01f5	ネットワークの通信を確立できなかったため、\nゲームからの接続が解除されました。\nゲームを続けることができません。\n\nロビー画面へ戻ります。\n\n\n	Could not establish network\ncommunication, so you were\ndisconnected from the game.\nThe game cannot continue.\n\nReturning to the lobby.\n\n\n	137	chunk 0x3ad size 0x480 real 0x472; copies e38@0x16af140
install/FILES.BIN	0x3ad:0x0280	ネットワークの通信を確立できなかったため、\nゲームからの接続が解除されました。\nゲームを続けることができません。\n\nログイン画面へ戻ります。\nもう一度ログインしなおしてください。\n\n\n	Could not establish network\ncommunication, so you were\ndisconnected from the game.\nThe game cannot continue.\n\nReturning to the login screen.\nPlease log in again.\n\n\n	176	chunk 0x3ad size 0x480 real 0x472; copies e38@0x16af140
install/FILES.BIN	0x3ad:0x0332	ネットワークの通信を確立できなかったため、\nゲームからの接続が解除されました。\nゲームを続けることができません。\n\nロビー画面へ戻ります。\n\n\n	Could not establish network\ncommunication, so you were\ndisconnected from the game.\nThe game cannot continue.\n\nReturning to the lobby.\n\n\n	137	chunk 0x3ad size 0x480 real 0x472; copies e38@0x16af140
install/FILES.BIN	0x3ad:0x03bd	ゲームの接続を待っています\n\n	Waiting for connection...\n\n	28	chunk 0x3ad size 0x480 real 0x472; copies e38@0x16af140
install/FILES.BIN	0x3ad:0x03db	ネットワークが切断されました。\n\nもう一度ネットワークの設定と\n"PlayStation BB Unit"とネットワークケーブルが\n正しく接続されているか確認してください。\n\n	The network was disconnected.\n\nCheck your network settings and\nthat the PlayStation BB Unit and\nnetwork cable are connected\nproperly.\n\n	163	chunk 0x3ad size 0x480 real 0x472; copies e38@0x16af140
install/FILES.BIN	0x3ae:0x0000	ゲームを終了しますか？\n途中でゲームを放棄すると、100Point\n減点されます。\n\n\n	Quit the game?\nQuitting midway will cost you\n100 points.\n\n\n	75	chunk 0x3ae size 0x150 real 0x14b; copies e38@0x16af5d0
install/FILES.BIN	0x3ae:0x004d	ゲームを終了しますか？\n途中でゲームを放棄すると、300Point\n減点されます。\n\n\n	Quit the game?\nQuitting midway will cost you\n300 points.\n\n\n	75	chunk 0x3ae size 0x150 real 0x14b; copies e38@0x16af5d0
install/FILES.BIN	0x3ae:0x009a	ゲームを終了しますか？\nゲームを放棄すると、他の人もゲーム\nを続けることができなくなります。\n\n\n	Quit the game?\nIf you quit, the other players\nwill not be able to continue.\n\n\n	93	chunk 0x3ae size 0x150 real 0x14b; copies e38@0x16af5d0
install/FILES.BIN	0x3ae:0x00f9	途中でゲームを放棄すると、300Point\n減点されます。\n本当にゲームを終了しますか？\n\n	Quitting midway will cost you\n300 points.\nReally quit the game?\n\n	85	chunk 0x3ae size 0x150 real 0x14b; copies e38@0x16af5d0
install/FILES.BIN	0x378:0x0000	Findを利用すると他のユーザーを探すことができます。\n	Use Find to search for other users.\n	51	chunk 0x378 size 0x2a0 real 0x297; copies e40@0x1853070 e65@0x3758f50
install/FILES.BIN	0x378:0x0035	アカウントに関しての問合せはユーザーサポートまで。\n	Contact User Support about accounts.\n	51	chunk 0x378 size 0x2a0 real 0x297; copies e40@0x1853070 e65@0x3758f50
install/FILES.BIN	0x378:0x006a	IDなどを公開すると、警告後に点数を初期化されます。\n	Revealing IDs can reset your score.\n	51	chunk 0x378 size 0x2a0 real 0x297; copies e40@0x1853070 e65@0x3758f50
install/FILES.BIN	0x378:0x009f	/to ニックネーム メッセージ　で個人に送信できます。\n	/to nickname message: private chat\n	52	chunk 0x378 size 0x2a0 real 0x297; copies e40@0x1853070 e65@0x3758f50
install/FILES.BIN	0x378:0x00d5	/find ニックネーム で該当ユーザーの場所がわかります。\n	/find nickname: shows where they are\n	54	chunk 0x378 size 0x2a0 real 0x297; copies e40@0x1853070 e65@0x3758f50
install/FILES.BIN	0x378:0x010d	他の人が不愉快になる発言はやめましょう。\n	Don't say things that upset others.\n	41	chunk 0x378 size 0x2a0 real 0x297; copies e40@0x1853070 e65@0x3758f50
install/FILES.BIN	0x378:0x0138	登録情報の変更は、ユーザーサポートまでお願いします。\n	Contact User Support to update info.\n	53	chunk 0x378 size 0x2a0 real 0x297; copies e40@0x1853070 e65@0x3758f50
install/FILES.BIN	0x378:0x016f	ランキングは毎朝５時に更新されます。\n	Rankings are updated daily at 5 AM.\n	37	chunk 0x378 size 0x2a0 real 0x297; copies e40@0x1853070 e65@0x3758f50
install/FILES.BIN	0x378:0x0196	不健全なニックネームは警告を受ける場合があります。\n	Bad nicknames may get you a warning.\n	51	chunk 0x378 size 0x2a0 real 0x297; copies e40@0x1853070 e65@0x3758f50
install/FILES.BIN	0x378:0x01cb	悪口や低俗な話をすると警告を受ける場合があります。\n	Abusive talk may get you a warning.\n	51	chunk 0x378 size 0x2a0 real 0x297; copies e40@0x1853070 e65@0x3758f50
install/FILES.BIN	0x378:0x0200	/mask ニックネーム　で発言を非表示にできます。\n	/mask nickname: hide their messages\n	47	chunk 0x378 size 0x2a0 real 0x297; copies e40@0x1853070 e65@0x3758f50
install/FILES.BIN	0x378:0x0231	/mask off ニックネーム　でmaskを解除します。\n	/mask off nickname: undo the mask\n	45	chunk 0x378 size 0x2a0 real 0x297; copies e40@0x1853070 e65@0x3758f50
install/FILES.BIN	0x378:0x0260	"こまんど"を変換するとコマンドの簡易入力ができます。\n	Convert "komando" to pick commands.\n	62	chunk 0x378 size 0x2a0 real 0x297; copies e40@0x1853070 e65@0x3758f50
install/FILES.BIN	0x377:0x0000	***他の人が不愉快になる発言はやめましょう***\n\n	*** Be respectful to others ***\n\n	46	chunk 0x377 size 0x2a0 real 0x297; copies e40@0x1853320 e65@0x3759200
install/FILES.BIN	0x377:0x0030	ゲーム中です。\n\n	In a game.\n\n	16	chunk 0x377 size 0x2a0 real 0x297; copies e40@0x1853320 e65@0x3759200
install/FILES.BIN	0x377:0x0042	定員です。\n\n	Room full.\n\n	12	chunk 0x377 size 0x2a0 real 0x297; copies e40@0x1853320 e65@0x3759200
install/FILES.BIN	0x377:0x0050	さんの対戦拒否投票中です\n\n	 is being vote-kicked\n\n	26	chunk 0x377 size 0x2a0 real 0x297; copies e40@0x1853320 e65@0x3759200
install/FILES.BIN	0x377:0x006c	全員がREADYになるまでゲームをスタートできません。\n\n	Can't start until everyone is READY.\n\n	51	chunk 0x377 size 0x2a0 real 0x297; copies e40@0x1853320 e65@0x3759200
install/FILES.BIN	0x377:0x00a1	さんは接続していません\n\n	 is not connected\n\n	24	chunk 0x377 size 0x2a0 real 0x297; copies e40@0x1853320 e65@0x3759200
install/FILES.BIN	0x377:0x00bb	各チームの人数が合わないので、ゲームを始められません。\n\n	Team sizes don't match. Can't start.\n\n	56	chunk 0x377 size 0x2a0 real 0x297; copies e40@0x1853320 e65@0x3759200
install/FILES.BIN	0x377:0x00f5	さんが退室しました。\n\n	 left the room.\n\n	22	chunk 0x377 size 0x2a0 real 0x297; copies e40@0x1853320 e65@0x3759200
install/FILES.BIN	0x377:0x010d	入室できません\n\n	Can't enter.\n\n	16	chunk 0x377 size 0x2a0 real 0x297; copies e40@0x1853320 e65@0x3759200
install/FILES.BIN	0x377:0x011f	受信を拒否されました\n\n	Message refused.\n\n	22	chunk 0x377 size 0x2a0 real 0x297; copies e40@0x1853320 e65@0x3759200
install/FILES.BIN	0x377:0x0137	10人以上登録することは出来ません\n\n	Cannot add more than 10 people.\n\n	34	chunk 0x377 size 0x2a0 real 0x297; copies e40@0x1853320 e65@0x3759200
install/FILES.BIN	0x377:0x015b	1人でゲームをスタートすることはできません。\n\n	Cannot start a game alone.\n\n	45	chunk 0x377 size 0x2a0 real 0x297; copies e40@0x1853320 e65@0x3759200
install/FILES.BIN	0x377:0x018a	1チームでゲームをスタートすることはできません。\n\n	Cannot start a game with 1 team.\n\n	49	chunk 0x377 size 0x2a0 real 0x297; copies e40@0x1853320 e65@0x3759200
install/FILES.BIN	0x377:0x01bd	削除中のルームです。入室できません。\n\n	Room is being deleted. Can't enter.\n\n	38	chunk 0x377 size 0x2a0 real 0x297; copies e40@0x1853320 e65@0x3759200
install/FILES.BIN	0x377:0x01e5	パスワードが違います。\n\n	Incorrect password.\n\n	24	chunk 0x377 size 0x2a0 real 0x297; copies e40@0x1853320 e65@0x3759200
install/FILES.BIN	0x377:0x01ff	さんが入室しました。\n\n	 joined the room.\n\n	22	chunk 0x377 size 0x2a0 real 0x297; copies e40@0x1853320 e65@0x3759200
install/FILES.BIN	0x377:0x0217	ルームを作成できませんでした。\n\n	Could not create the room.\n\n	32	chunk 0x377 size 0x2a0 real 0x297; copies e40@0x1853320 e65@0x3759200
install/FILES.BIN	0x377:0x0239	ルームネームに不適切な文字が含まれています。\n\n	Room name has invalid characters.\n\n	46	chunk 0x377 size 0x2a0 real 0x297; copies e40@0x1853320 e65@0x3759200
install/FILES.BIN	0x377:0x0269	パスワードに不適切な文字が含まれています。\n\n	Password has invalid characters.\n\n	53	chunk 0x377 size 0x2a0 real 0x297; copies e40@0x1853320 e65@0x3759200
install/FILES.BIN	0x379:0x0000	サーチするニックネームを入力して、Ｆｉｎ\nｄボタンを押してください。\n\n	Enter a nickname to search for,\nthen press the Find button.\n\n	69	chunk 0x379 size 0x1c0 real 0x1b1; copies e40@0x18535d0 e45@0x20be270 e65@0x37594b0
install/FILES.BIN	0x379:0x0047	サーチするニックネームを入力して、Ｆｉｎ\nｄボタンを押してください。\n\n	Enter a nickname to search for,\nthen press the Find button.\n\n	69	chunk 0x379 size 0x1c0 real 0x1b1; copies e40@0x18535d0 e45@0x20be270 e65@0x37594b0
install/FILES.BIN	0x379:0x008e	さんは接続していません。\n\n	 is not connected.\n\n	26	chunk 0x379 size 0x1c0 real 0x1b1; copies e40@0x18535d0 e45@0x20be270 e65@0x37594b0
install/FILES.BIN	0x379:0x00aa	さんは\nゲームレベル“\\l”の、\n\\r番ルームにいます。\n\n	 is in\nroom \\r at game level "\\l".\n\n	52	chunk 0x379 size 0x1c0 real 0x1b1; copies e40@0x18535d0 e45@0x20be270 e65@0x37594b0
install/FILES.BIN	0x379:0x00e0	さんはロビーにいます。\n\n	 is in the lobby.\n\n	24	chunk 0x379 size 0x1c0 real 0x1b1; copies e40@0x18535d0 e45@0x20be270 e65@0x37594b0
install/FILES.BIN	0x379:0x00fa	さんは\nゲームレベル“\\l”の、\nロビーにいます。\n\n	 is in the lobby\nof game level "\\l".\n\n	48	chunk 0x379 size 0x1c0 real 0x1b1; copies e40@0x18535d0 e45@0x20be270 e65@0x37594b0
install/FILES.BIN	0x379:0x012c	さんは\nトーナメントに参加中です。\n\n	 is playing\nin a tournament.\n\n	35	chunk 0x379 size 0x1c0 real 0x1b1; copies e40@0x18535d0 e45@0x20be270 e65@0x37594b0
install/FILES.BIN	0x379:0x0151	該当ユーザーが見つかりません。\n\n	No matching user found.\n\n	32	chunk 0x379 size 0x1c0 real 0x1b1; copies e40@0x18535d0 e45@0x20be270 e65@0x37594b0
install/FILES.BIN	0x379:0x0173	ネットワークへの接続に失敗しました。\n検索しなおして下さい。\n	Failed to connect to the network.\nPlease search again.\n	75	chunk 0x379 size 0x1c0 real 0x1b1; copies e40@0x18535d0 e45@0x20be270 e65@0x37594b0
install/FILES.BIN	0x37a:0x0000	フルファイアーやラインボム、貫通ボムなど、\n特定アイテムを手に入れたときに出現します。\n\n	Appears when you get special items\nlike Full Fire, Line Bomb or Pierce\nBomb.\n\n	87	chunk 0x37a size 0x120 real 0x11c; copies e40@0x18537a0 e65@0x3759680
install/FILES.BIN	0x37a:0x0059	みそボンのボムで対戦フィールド内のプレイヤーを倒し、\nプレイヤーがフィールド内に復活するときに出現します。\n\n	Appears when you defeat a player\nwith a Misobon (revenge) bomb and\nreturn to the field.\n\n	107	chunk 0x37a size 0x120 real 0x11c; copies e40@0x18537a0 e65@0x3759680
install/FILES.BIN	0x37a:0x00c6	自分が勝利し、トロフィーを贈られる場面で、\n万歳するキャラクターと一緒に出現します。\n	Appears alongside the cheering\ncharacter when you win and are\nawarded the trophy.\n	88	chunk 0x37a size 0x120 real 0x11c; copies e40@0x18537a0 e65@0x3759680
install/FILES.BIN	0x37b:0x0000	ロビーサーバーとの通信が切断されました。\nログイン画面へ戻りました。\n再度ログインしなおしてください。\n\n	Lost connection to the lobby server.\nReturned to the login screen.\nPlease log in again.\n\n	102	chunk 0x37b size 0x190 real 0x186; copies e40@0x18538d0 e45@0x20be440 e65@0x37597b0
install/FILES.BIN	0x37b:0x0068	ルームへの移動に失敗しました。\nロビーへ戻りました。\n再度ルームを選択しなおして下さい。\n\n	Failed to move to the room.\nReturned to the lobby.\nPlease select a room again.\n\n	88	chunk 0x37b size 0x190 real 0x186; copies e40@0x18538d0 e45@0x20be440 e65@0x37597b0
install/FILES.BIN	0x37b:0x00c2	Jump先のサーバーへ移動できませんでした。\nログイン画面へ戻りました。\n再度ログインしなおして下さい。\n\n	Could not jump to the target server.\nReturned to the login screen.\nPlease log in again.\n\n	100	chunk 0x37b size 0x190 real 0x186; copies e40@0x18538d0 e45@0x20be440 e65@0x37597b0
install/FILES.BIN	0x37b:0x0128	サーバーメンテナンスのため、\n接続を解除しました。\n時間をおいてログインしなおしてください。\n\n	Due to server maintenance,\nyou have been disconnected.\nPlease log in again later.\n\n	102	chunk 0x37b size 0x190 real 0x186; copies e40@0x18538d0 e45@0x20be440 e65@0x37597b0
install/FILES.BIN	0x37c:0x0000	GAME-IDが入力されていません。\n入力を行ってから\n再度Loginボタンを選択してください。\n\n	GAME-ID has not been entered.\nEnter it, then select the\nLogin button again.\n\n	84	chunk 0x37c size 0x8c0 real 0x8bf; copies e40@0x1853a70 e45@0x20be5e0 e65@0x3759950
install/FILES.BIN	0x37c:0x0056	GAMEパスワードが入力されていません。\n入力を行ってから\n再度Loginボタンを選択してください。\n\n	GAME password has not been entered.\nEnter it, then select the\nLogin button again.\n\n	91	chunk 0x37c size 0x8c0 real 0x8bf; copies e40@0x1853a70 e45@0x20be5e0 e65@0x3759950
install/FILES.BIN	0x37c:0x00b3	ネットワークが繋がりません。\nもう一度ネットワークの設定と\n"PlayStation BB Unit"とネットワークケーブルが\n正しく接続されているか確認してください。\n\n	Cannot connect to the network.\nCheck your network settings and\nthat the PlayStation BB Unit and\nnetwork cable are connected\nproperly.\n\n	146	chunk 0x37c size 0x8c0 real 0x8bf; copies e40@0x1853a70 e45@0x20be5e0 e65@0x3759950
install/FILES.BIN	0x37c:0x0147	サーバーメンテナンス中です。\nログインすることができません。\n時間をおいて接続しなおしてください。\n\n	Server maintenance in progress.\nYou cannot log in right now.\nPlease connect again later.\n\n	98	chunk 0x37c size 0x8c0 real 0x8bf; copies e40@0x1853a70 e45@0x20be5e0 e65@0x3759950
install/FILES.BIN	0x37c:0x01ab	入力されたIDは存在しません。\n正しく入力されているかどうかを確認してから、\n再度Loginボタンを選択してください。\n\n	The entered ID does not exist.\nCheck that it was entered\ncorrectly, then select the Login\nbutton again.\n\n	111	chunk 0x37c size 0x8c0 real 0x8bf; copies e40@0x1853a70 e45@0x20be5e0 e65@0x3759950
install/FILES.BIN	0x37c:0x021c	パスワードが間違っています。\n正しく入力されているかどうかを確認してから、\n再度Loginボタンを選択してください。\n\n	The password is incorrect.\nCheck that it was entered\ncorrectly, then select the Login\nbutton again.\n\n	111	chunk 0x37c size 0x8c0 real 0x8bf; copies e40@0x1853a70 e45@0x20be5e0 e65@0x3759950
install/FILES.BIN	0x37c:0x028d	このIDは既に接続されています。\n時間をおいて接続しなおしてください。\nしばらく待っても接続されない場合には、\nサポートまで連絡してください。\n\n	This ID is already connected.\nPlease wait a while and reconnect.\nIf you still cannot connect,\nplease contact support.\n\n	139	chunk 0x37c size 0x8c0 real 0x8bf; copies e40@0x1853a70 e45@0x20be5e0 e65@0x3759950
install/FILES.BIN	0x37c:0x031a	課金が必要なIDです。\n現在は遊ぶことができません。\n課金終了後に再度ログインしなおしてください。\n\n	This ID requires payment.\nYou cannot play at this time.\nPlease log in again after paying.\n\n	96	chunk 0x37c size 0x8c0 real 0x8bf; copies e40@0x1853a70 e45@0x20be5e0 e65@0x3759950
install/FILES.BIN	0x37c:0x037c	このIDは管理者によって停止されています。\n使用することが出来ません。\n\n	This ID has been suspended by an\nadministrator and cannot be used.\n\n	69	chunk 0x37c size 0x8c0 real 0x8bf; copies e40@0x1853a70 e45@0x20be5e0 e65@0x3759950
install/FILES.BIN	0x37c:0x03c3	ログインサーバーへの接続に失敗しました。\n再度接続するには、ネットワークを初期化する\n必要があります。\nネットワークケーブルが正しく接続されている\nことを確認し、OKボタンを押してください。\n\n	Could not connect to the login\nserver. To connect again, the\nnetwork must be initialized.\nCheck that the network cable is\nconnected properly, then press\nthe OK button.\n\n	186	chunk 0x37c size 0x8c0 real 0x8bf; copies e40@0x1853a70 e45@0x20be5e0 e65@0x3759950
install/FILES.BIN	0x37c:0x047f	最新のバージョンがリリースされました。\nパッチデータをダウンロードして、\nゲームを最新のバージョンにアップデート\nしてからログインしなおしてください。\n\n	A new version has been released.\nDownload the patch data, update\nthe game to the latest version,\nthen log in again.\n\n	149	chunk 0x37c size 0x8c0 real 0x8bf; copies e40@0x1853a70 e45@0x20be5e0 e65@0x3759950
install/FILES.BIN	0x37c:0x0516	GAME-IDの認証に失敗しました。\nIDとパスワードが正しく入力されているか\nどうかを確認してから、再度Loginボタンを\n選択して下さい。\n\n	GAME-ID authentication failed.\nCheck that your ID and password\nwere entered correctly, then\nselect the Login button again.\n\n	127	chunk 0x37c size 0x8c0 real 0x8bf; copies e40@0x1853a70 e45@0x20be5e0 e65@0x3759950
install/FILES.BIN	0x37c:0x0597	Client ProgramのVersionが違います。\n\n	Wrong client program version.\n\n	37	chunk 0x37c size 0x8c0 real 0x8bf; copies e40@0x1853a70 e45@0x20be5e0 e65@0x3759950
install/FILES.BIN	0x37c:0x05be	IDに使用できない文字が含まれています。\n\n	ID contains invalid characters.\n\n	40	chunk 0x37c size 0x8c0 real 0x8bf; copies e40@0x1853a70 e45@0x20be5e0 e65@0x3759950
install/FILES.BIN	0x37c:0x05e8	このfeega-IDは既に使用中です。\n\n	feega-ID is already in use.\n\n	32	chunk 0x37c size 0x8c0 real 0x8bf; copies e40@0x1853a70 e45@0x20be5e0 e65@0x3759950
install/FILES.BIN	0x37c:0x060a	feega-IDが入力されていません。\n入力を行ってから\n再度Loginボタンを選択してください。\n\n	feega-ID has not been entered.\nEnter it, then select the\nLogin button again.\n\n	85	chunk 0x37c size 0x8c0 real 0x8bf; copies e40@0x1853a70 e45@0x20be5e0 e65@0x3759950
install/FILES.BIN	0x37c:0x0661	feegaパスワードが入力されていません。\n入力を行ってから\n再度Loginボタンを選択してください。\n\n	feega password has not been entered.\nEnter it, then select the\nLogin button again.\n\n	92	chunk 0x37c size 0x8c0 real 0x8bf; copies e40@0x1853a70 e45@0x20be5e0 e65@0x3759950
install/FILES.BIN	0x37c:0x06bf	ログインに失敗しました。\nどうしてもログインできない場合は\nお手数ですがサポートまで\nご連絡ください。\nエラーコード：%d\n\n	Login failed.\nIf you still cannot log in,\nplease contact support.\nError code: %d\n\n	118	chunk 0x37c size 0x8c0 real 0x8bf; copies e40@0x1853a70 e45@0x20be5e0 e65@0x3759950
install/FILES.BIN	0x37c:0x0737	feega情報の読込みに失敗しました。\n\nエラーコード： %d - %d\n\n	Failed to load feega information.\n\nError code: %d - %d\n\n	59	chunk 0x37c size 0x8c0 real 0x8bf; copies e40@0x1853a70 e45@0x20be5e0 e65@0x3759950
install/FILES.BIN	0x37c:0x0774	feegaサーバーへの接続に失敗しました。\n再度接続するには、ネットワークを初期化する\n必要があります。\nネットワークケーブルが正しく接続されている\nことを確認し、OKボタンを押してください。\n\n	Could not connect to the feega\nserver. To connect again, the\nnetwork must be initialized.\nCheck that the network cable is\nconnected properly, then press\nthe OK button.\n\n	183	chunk 0x37c size 0x8c0 real 0x8bf; copies e40@0x1853a70 e45@0x20be5e0 e65@0x3759950
install/FILES.BIN	0x37c:0x082d	このfeega-IDは既に接続されています。\n時間をおいて接続しなおしてください。\nしばらく待っても接続されない場合には、\nサポートまで連絡してください。\n	This feega-ID is already connected.\nPlease wait a while and reconnect.\nIf you still cannot connect,\nplease contact support.\n	145	chunk 0x37c size 0x8c0 real 0x8bf; copies e40@0x1853a70 e45@0x20be5e0 e65@0x3759950
install/FILES.BIN	0x37d:0x0000	チーム戦です。\n各チームの人数が同じになる様にして下さい。\n\n	Team battle.\nPlease make all teams the same size.\n\n	59	chunk 0x37d size 0xa0 real 0x9a; copies e40@0x1854340 e65@0x375a220
install/FILES.BIN	0x37d:0x003d	任意にチームの人数を決められます。\n１人対７人などの変則タッグ戦も可能です。\n\n	Team sizes can be set freely.\nUneven matches like 1 vs 7 are OK.\n\n	77	chunk 0x37d size 0xa0 real 0x9a; copies e40@0x1854340 e65@0x375a220
install/FILES.BIN	0x37d:0x008c	個人戦です。	Free-for-all.	18	chunk 0x37d size 0xa0 real 0x9a; copies e40@0x1854340 e65@0x375a220
install/FILES.BIN	0x3d1:0x0000	ログイン画面に戻ります。\n	Returning to login.\n	25	chunk 0x3d1 size 0x1c0 real 0x1b1; copies e40@0x18543f0 e65@0x375a2d0
install/FILES.BIN	0x3d1:0x001b	ロビーへの移動に失敗しました。\n再度ロビーを選択し直してください。\n	Failed to move to the lobby.\nPlease select a lobby again.\n	66	chunk 0x3d1 size 0x1c0 real 0x1b1; copies e40@0x18543f0 e65@0x375a2d0
install/FILES.BIN	0x3d1:0x005f	ロビー内のログイン人数が定員に達しているため、\nロビーに入ることができませんでした。\n時間をおいてから再度選択し直すか、\n別のロビーを選択してください。\n	The lobby has reached its login\nlimit, so you could not enter.\nWait a while and select it again,\nor select a different lobby.\n	150	chunk 0x3d1 size 0x1c0 real 0x1b1; copies e40@0x18543f0 e65@0x375a2d0
install/FILES.BIN	0x3d1:0x00f7	通信中にエラーが発生しました。\n再度ロビーの移動に失敗する場合は、\n一度ログアウトした上で、\n再びログインし直して下さい。\n	A communication error occurred.\nIf changing lobby fails again,\nlog out and log in again.\n	120	chunk 0x3d1 size 0x1c0 real 0x1b1; copies e40@0x18543f0 e65@0x375a2d0
install/FILES.BIN	0x3d1:0x0171	ロビー情報の読み込みに失敗しました。\nログイン画面に戻ります。\n	Failed to load lobby information.\nReturning to the login screen.\n	77	chunk 0x3d1 size 0x1c0 real 0x1b1; copies e40@0x18543f0 e65@0x375a2d0
install/FILES.BIN	0x414:0x0000	名前(漢字)が入力されていません。\n入力を行ってから、\n再度OKボタンを選択してください。\n	Name (kanji) was not entered.\nEnter it, then select the\nOK button again.\n	85	chunk 0x414 size 0x3f0 real 0x3e9; copies e65@0x375a4a0
install/FILES.BIN	0x414:0x0057	名前(ひらがな)が入力されていません。\n入力を行ってから、\n再度OKボタンを選択してください。\n	Name (hiragana) was not entered.\nEnter it, then select the\nOK button again.\n	89	chunk 0x414 size 0x3f0 real 0x3e9; copies e65@0x375a4a0
install/FILES.BIN	0x414:0x00b2	eメールアドレスが入力されていません。\n入力を行ってから、\n再度OKボタンを選択してください。\n	E-mail address was not entered.\nEnter it, then select the\nOK button again.\n	90	chunk 0x414 size 0x3f0 real 0x3e9; copies e65@0x375a4a0
install/FILES.BIN	0x414:0x010e	ニックネームが入力されていません。\n入力を行ってから、\n再度OKボタンを選択してください。\n	Nickname was not entered.\nEnter it, then select the\nOK button again.\n	87	chunk 0x414 size 0x3f0 real 0x3e9; copies e65@0x375a4a0
install/FILES.BIN	0x414:0x0167	このニックネームは既に使用されています。\n他のニックネームを入力し直してください。\n	This nickname is already in use.\nPlease enter a different nickname.\n	82	chunk 0x414 size 0x3f0 real 0x3e9; copies e65@0x375a4a0
install/FILES.BIN	0x414:0x01bb	このeメールアドレスは使用できません。\nもう一度ご利用になっているeメールアドレスを\nご確認の上入力しなおしてください。\n	This e-mail address cannot be used.\nCheck the e-mail address you use\nand enter it again.\n	117	chunk 0x414 size 0x3f0 real 0x3e9; copies e65@0x375a4a0
install/FILES.BIN	0x414:0x0232	ユーザーデータの作成に失敗しました。\nどうしてもユーザーデータの作成に失敗する\n場合はお手数ですがサポートまで\nご連絡ください。\nエラーコード：%d\n	Failed to create user data.\nIf this keeps happening, please\ncontact support.\nError code: %d\n	143	chunk 0x414 size 0x3f0 real 0x3e9; copies e65@0x375a4a0
install/FILES.BIN	0x414:0x02c3	ニックネームに不適切な言葉が含まれています。\n違うニックネームで登録しなおしてください。\n	Nickname contains inappropriate\nwords. Please register a\ndifferent nickname.\n	88	chunk 0x414 size 0x3f0 real 0x3e9; copies e65@0x375a4a0
install/FILES.BIN	0x414:0x031d	ニックネームに使用できない文字が\n含まれています。\n他のニックネームを入力しなおしてください。\n	The nickname contains characters\nthat cannot be used.\nPlease enter a different nickname.\n	93	chunk 0x414 size 0x3f0 real 0x3e9; copies e65@0x375a4a0
install/FILES.BIN	0x414:0x037c	ディスクトレイが開いています。\n「ネットでボンバーマン」のディスクを載せて\nディスクトレイを閉じてください。\n	The disc tray is open.\nInsert the Net de Bomberman disc\nand close the disc tray.\n	114	chunk 0x414 size 0x3f0 real 0x3e9; copies e65@0x375a4a0
install/FILES.BIN	0x427:0x0000	チケット認証に失敗しました。\n解決しない場合はサポートまで\nご連絡ください。\n\nエラーコード：%d\n	Ticket authentication failed.\nIf this persists, please\ncontact support.\n\nError code: %d\n	93	chunk 0x427 size 0x160 real 0x155; copies e65@0x375a8a0
install/FILES.BIN	0x427:0x005f	サービスの有効期限が切れています。\nfeegaサービスメニューからサービスを\n購入してください。\n	Your service has expired.\nPlease purchase the service from\nthe feega service menu.\n	90	chunk 0x427 size 0x160 real 0x155; copies e65@0x375a8a0
install/FILES.BIN	0x427:0x00bb	サービスが購入されていません。\nfeegaサービスメニューからサービスを\n購入してください。\n	The service has not been purchased.\nPlease purchase it from the\nfeega service menu.\n	86	chunk 0x427 size 0x160 real 0x155; copies e65@0x375a8a0
install/FILES.BIN	0x427:0x0113	このサービスは終了していますので、\nサービスの購入はできません。\n	This service has ended and can no\nlonger be purchased.\n	75	chunk 0x427 size 0x160 real 0x155; copies e65@0x375a8a0
install/FILES.BIN	0x2c8:0x0000	“ＮＥＷ ＩＤ”を選択して、ＩＤの登録を行なって下さい。\n\n	Select "NEW ID" to register an ID.\n\n	57	chunk 0x2c8 size 0x100 real 0xf8; copies e127@0x7f4c4b0
install/FILES.BIN	0x2c8:0x003b	ゲームを開始する為にログイン画面へ進みます。\n\n	Go to the login screen to start.\n\n	46	chunk 0x2c8 size 0x100 real 0xf8; copies e127@0x7f4c4b0
install/FILES.BIN	0x2c8:0x006b	サポートへ連絡したり、ゲーム情報を見る事ができます。\n\n	Contact support or view game info.\n\n	54	chunk 0x2c8 size 0x100 real 0xf8; copies e127@0x7f4c4b0
install/FILES.BIN	0x2c8:0x00a3	ゲームを始めるためのＩＤ登録をします。\n\n	Register an ID to start playing.\n\n	40	chunk 0x2c8 size 0x100 real 0xf8; copies e127@0x7f4c4b0
install/FILES.BIN	0x2c8:0x00cd	ゲームを終了して、本体の電源を切ります。\n	Quit the game and power off.\n	49	chunk 0x2c8 size 0x100 real 0xf8; copies e127@0x7f4c4b0
