id	en
msged_combtn_ok	OK
msged_combtn_yes	Yes
msged_combtn_no	No
msged_combtn_dicide	Enter
msged_combtn_return	Back
msged_combtn_noagree	Disagree
msged_combtn_agree	Agree
msged_common_btn_option	Details
msged_common_sendto_on	Send
msged_common_sendto_off	Do Not Send
msged_common_start	Start
msged_common_send	Send
msged_common_buy_yes	Purchase
msged_common_buy_no	Do Not Purchase
msged_com_cancel_ask	Cancel this? Are you sure?
msged_feega_title_enter	Join feega
msged_feega_title_confirm_registration	View/Change feega Registration
msged_feega_title_leave	Leave feega
msged_feega_title_agreement	feega Terms
msged_feega_title_idpasswd	Save feega-ID and Password
msged_feega_title_guide	feega Guide
msged_comcertification_feegaid_use_ask	This is a paid service.\nUse your saved feega-ID?
msged_comcertification_ssl_use_connection	Communication with the server is encrypted\nwith SSL for your security.
msged_com_connecting	Please wait...
msged_member_entry_information_explanation	Joining feega.\nfeega is a membership authentication and\nnetwork billing service from Sony Finance\nInternational.\nThere is no joining fee or annual fee.
msged_member_entry_information	Notice
msged_member_entry_information_under12	For Players Under 12 / Minors
msged_member_entry_agreement	feega Terms of Use
msged_member_entry_agreement_personal	feega Terms of Use and Privacy Policy
msged_member_entry_agreement_ask	Do you agree to the feega Terms of Use and\nPrivacy Policy?\nYou cannot join feega without agreeing.
msged_member_entry_title	Your Information
msged_member_entry_personalinfomation_request	Enter your information.
msged_member_entry_detail_familyname	Last Name (Katakana)
msged_member_entry_detail_name	First Name (Katakana)
msged_member_entry_detail_birthday	Date of Birth
msged_member_entry_detail_year	Year
msged_member_entry_detail_mouth	Month
msged_member_entry_detail_day	Day
msged_member_entry_detail_sex	Sex
msged_member_entry_detail_female	Female
msged_member_entry_detail_male	Male
msged_member_entry_password_request	Enter a password of 6 to 16 characters using both letters and numbers.\nPasswords are not case-sensitive.
msged_member_entry_password	Password
msged_member_entry_password_2nd	Re-enter
msged_member_entry_password_notice	Write down your password so you do not forget it.
msged_member_entry_mailaddress_request	Enter your email address. It is used to contact you.
msged_member_entry_mailaddress	Email Address
msged_member_entry_mailaddress_cellerphone	Mail sent to mobile phone addresses may not arrive correctly because of length limits. Avoid using a mobile phone address if possible.
msged_member_entry_maildelivery	Email Updates
msged_member_entry_maildelivery_request	Yes
msged_member_entry_maildelivery_norequest	No
msged_member_entry_maildelivery_notice	With email updates on, you will receive news and announcements.\nYou can turn them off at any time from View/Change feega Registration.
msged_member_entry_postalcode_request	Enter your postal code.
msged_member_entry_postalcode	Postal Code
msged_member_entry_creditcard_registration_notice	If you register a credit card, you will not need to enter it each time you use a service.\n\nThe card number is the 14 to 16 digit number on the front of the card.\nThe expiration date is printed on the front as month/year.
msged_member_entry_creditcard_information_title	Credit Card Information
msged_member_entry_creditcard_information_request_option	Enter your credit card information.
msged_member_entry_creditcard_no	Card Number
msged_member_entry_creditcard_period	Expiration Date
msged_member_entry_creditcard_period_mouth	Month
msged_member_entry_creditcard_period_year	Year
msged_member_entry_creditcard_need_input_securitycode	Some credit cards also require a security code on the next screen.
msged_member_entry_creditcard_registration_skip	To skip card registration, leave these fields blank and continue.
msged_member_entry_creditcard_securitycode_explanation	The security code is the last 3 digits of the\n7 or 19 digit number printed on the back of the card.
msged_member_entry_creditcard_securitycode	Security Code
msged_member_entry_creditcard_securitycode_request	Enter the security code.
msged_member_entry_creditcard_securitycode_no	Security Code
msged_member_entry_creditcard_securitycode_explain	The security code is the last 3 digits of the 7 or 19 digit number printed in the signature strip on the back of the card.
msged_member_entry_tablelist_title	Registration Summary
msged_member_entry_tablelist_pdbbid	feega-ID: %s
msged_member_entry_tablelist_inquiry	Inquiry No.: %s-%s
msged_member_entry_tablelist_password	Password: %s
msged_member_entry_tablelist_username	Name: %s %s
msged_member_entry_tablelist_birthday	Date of Birth: %04d/%02d/%02d
msged_member_entry_tablelist_sex	Sex: %s
msged_member_entry_tablelist_mailaddress	Email: %s
msged_member_entry_tablelist_maildelivery	Email Updates: %s
msged_member_entry_tablelist_postalcode	Postal Code: %s-%s
msged_member_entry_tablelist_creditcardno	Card Number: %s
msged_member_entry_tablelist_creditcardno_period	Expires: %02d/%02d
msged_member_entry_registration	Sending your information to the server.\nDo not turn off the PlayStation®2 or disconnect the network.
msged_member_entry_registration_title	Registration Complete
msged_member_entry_registration_complete	You are now a feega member.
msged_member_entry_registration_tablelist_psbbid	feega-ID: %s
msged_member_entry_registration_tablelist_password	Password: %s
msged_member_entry_registration_tablelist_inquiry	Inquiry No.: %s
msged_member_entry_registration_keepacopy	Your feega-ID and password are needed to use feega games and services.\nYour inquiry number is needed when contacting feega Customer Support.\nWrite all of them down.
msged_member_entry_registration_keepacopy_ask	A confirmation will be sent to your email address.\nIf it does not arrive, contact feega Customer Support.\nHave you written down your feega-ID, password and\ninquiry number?
msged_save_ask	Save your feega-ID and password?\nOnce saved, you will not need to enter them each\ntime you use a service.\nYou can also do this later from Save feega-ID and Password.
msged_info_change_personal_certification	Verify Identity
msged_info_change_inputidpassword	Enter your feega-ID and password.
msged_info_change_password_notice	Passwords are not case-sensitive.
msged_info_change_psbbid	feega-ID
msged_info_change_password	Password
msged_info_change_registration_ask	Changing your registration details.
msged_info_change_usrinformation_title	Change Your Information
msged_info_change_usrinformation_password	You can change your password. Use 6 to 16 characters with both letters and numbers.\nPasswords are not case-sensitive.
msged_info_change_usrinformation_mailaddress	You can change your email address.
msged_info_change_usrinformation_postcode	You can change your postal code.
msged_info_change_usrinformation_creditcardinfo_ask	Change your credit card information?
msged_info_change_usrinformation_creditcardinfo_change	No Change
msged_info_change_usrinformation_creditcardinfo_nochange	Change (Register New)
msged_info_change_usrinformation_creditcardinfo_delete	Delete
msged_info_change_usrinformation_creditcardinfo_title	Change Credit Card
msged_info_change_usrinformation_creditcardinfo_inputinfo	You can change your credit card information.\nTo register a new card, enter its information.
msged_info_change_creditcard_service_explanation	Any services paid with the registered card will switch to the new payment method.
msged_info_change_usrinformation_creditcardinfo_delete_confirm	Your registered credit card will be deleted.\nIt cannot be deleted while you have a subscription.\nAre you sure?
msged_info_change_usrinformation_list_title	Summary of Changes
msged_info_change_registration	Sending your changes to the server.\nIf you changed your password, write it down.\nDo not turn off the PlayStation®2 or disconnect the network.
msged_info_change_sendto_server	Send now?
msged_info_change_registration_title	Change Complete
msged_info_change_registration_complete	Your changes have been saved.
msged_info_change_registration_news_maildelivary_notice	A confirmation will be sent to your email address. If it does not arrive, contact feega Customer Support.
msged_save_change_ask	Save the new password?
msged_member_withdrawal_confirmation	This will delete your feega registration.\nAfter leaving, you can no longer use services with this feega-ID. Purchased services end even if they have not expired, and subscriptions are cancelled automatically.
msged_member_withdrawal_title	Confirm Leaving
msged_member_withdrawal_personal_delete	The following member information will be deleted.
msged_member_withdrawal_psbbid	feega-ID: %s
msged_member_withdrawal_username	Name: %s
msged_member_withdrawal_sendto	Sending the deletion to the server.\nDo not turn off the PlayStation®2 or disconnect the network.
msged_member_withdrawal_sendto_ask	Send now?
msged_member_withdrawal_leave_title	Membership Ended
msged_member_withdrawal_leave_complete	Your member information has been deleted.
msged_member_withdrawal_leave_news_maildelivary_notice	A confirmation will be sent to your registered email address. If it does not arrive, contact feega Customer Support.
msged_save_delete_ask	Delete the saved feega-ID and password?
msged_savecom_newsave_title	New Save
msged_savecom_change_title	View/Change
msged_savecom_delete_title	Delete
msged_saveinit_ask	Not formatted.\n(P04)\n\nFormat the memory card (8MB) (for PlayStation®2)?
msged_saveinit1	Formatting memory card (8MB) (for PlayStation®2)...
msged_saveinit2	Do not turn off the PlayStation®2 or remove the memory card (8MB) (for PlayStation®2).
msged_saveinit_complete	Format complete.
msged_saveinit_fail	Format failed.
msged_savemc_idpasswd	Enter feega-ID and Password
msged_savemc_idpasswd_input	Enter your feega-ID and password.
msged_savemc_device_select_title	Select Save Location
msged_savemc_device_select	Select where to save.
msged_savemc_device_mc1	MEMORY CARD Slot 1
msged_savemc_device_mc2	MEMORY CARD Slot 2
msged_savemc_device_hdd	PlayStation®BB Unit
msged_savemc_save1	Saving...
msged_savemc_save2	Do not turn off the PlayStation®2 or remove the memory card (8MB) (for PlayStation®2).
msged_savemc_save_inner1	Saving...
msged_savemc_save_inner2	Do not turn off the PlayStation®2.
msged_savemc_save_complete_title	Save Complete
msged_savemc_save_complete1	Save complete.
msged_savemc_save_complete2	You can view what was saved from View/Change in the Save feega-ID and Password menu.
msged_savemc_overwrite_ask	A feega-ID is already saved here.\nChoose another location, or change it from View/Change\nin the Save feega-ID and Password menu.
msged_savemc_nospace	Not enough free space on the memory card (8MB) (for PlayStation®2). At least 25 KB is required.\n(P09)
msged_savemc_nospace_inner	Not enough free space on the PlayStation®BB Unit.\n(P16)
msged_savemc_save_fail	Save failed.\n(P10)
msged_savemc_save_fail_p17	Save failed.\n(P17)
msged_savemc_save_fail_p11	Save failed.\n(P11)
msged_savemc_save_fail_p21	Save failed.\n(P21)
msged_savemc_device_eject	No memory card (8MB) (for PlayStation®2)\nis inserted.\n(P01)
msged_savemc_device_eject_p02	No memory card (8MB) (for PlayStation®2)\nis inserted.\n(P02)
msged_savemc_device_eject_p03	No memory card (8MB) (for PlayStation®2)\nis inserted.\n(P03)
msged_savechange_device_select_title	Select Location
msged_savechange_device_select	Select where to load the feega-ID and password from.
msged_savechange_input_idpasswd_title	Enter feega-ID and Password
msged_savechange_input_idpasswd	Enter the feega-ID and password to save.
msged_savechange_confirm_ask	Change the saved feega-ID?
msged_savechange_complete_title	Change Complete
msged_savechange_complete1	Your changes have been saved.
msged_savedel_confirm_title	Confirm Delete
msged_savedel_confirm	The following feega-ID and password will be deleted.
msged_savedel_confirm_ask	Delete the saved feega-ID?
msged_savedel_delete1	Deleting...
msged_savedel_delete2	Do not turn off the PlayStation®2 or remove the memory card (8MB) (for PlayStation®2).
msged_savedel_del1	Deleting...
msged_savedel_del2	Do not turn off the PlayStation®2.
msged_savedel_delete_complete_title	Deleted
msged_savedel_delete_complete	Delete complete.
msged_savedel_warn_fail_p08	Delete failed.\n(P08)
msged_savedel_warn_fail_p15	Delete failed.\n(P15)
msged_savedel_warn_fail_p11	Delete failed.\n(P11)
msged_savedel_warn_fail_p21	Delete failed.\n(P21)
msged_saveerror__newsave_createid	The saved feega-ID cannot be read.\n(P05)\n\nDelete it and save a new one?
msged_saveerror_newsave_createid_unit	The saved feega-ID cannot be read.\n(P12)\n\nDelete it and save a new one?
msged_saveerror_otherps2_createid	The saved feega-ID was created on another PlayStation®2 and cannot be read.\n(P06)\n\nDelete it and save a new one?
msged_saveerror_otherps2_createid_unit	The saved feega-ID was created on another PlayStation®2 and cannot be read.\n(P13)\n\nDelete it and save a new one?
msged_saveerror_illegalid_createid	The saved feega-ID is not supported.\n(P07)\n\nDelete it and save a new one?
msged_saveerror_illegalid_createid_unit	The saved feega-ID is not supported.\n(P14)\n\nDelete it and save a new one?
msged_saveerror_nodata_none	No saved feega-ID.\n(P04)
msged_saveerror_nodata	No saved feega-ID.\n(P18)
msged_saveerror_nodata_unit	No saved feega-ID.\n(P20)
msged_saveerror_newsave_delete	The saved feega-ID cannot be read.\n(P05)\n\nDelete it?
msged_saveerror_newsave_delete_p12	The saved feega-ID cannot be read.\n(P12)\n\nDelete it?
msged_saveerror_otherps2_delete	The saved feega-ID was created on another PlayStation®2 and cannot be read.\n(P06)\n\nDelete it?
msged_saveerror_otherps2_delete_p13	The saved feega-ID was created on another PlayStation®2 and cannot be read.\n(P13)\n\nDelete it?
msged_saveerror_illegalid_delete	The saved feega-ID is not supported.\n(P07)\n\nDelete it?
msged_saveerror_illegalid_delete_p14	The saved feega-ID is not supported.\n(P14)\n\nDelete it?
msged_confirmerr_feegaid_overwrite_ask	This does not match the saved feega-ID.\n(P19)\n\nOverwrite it with the changed feega-ID?
msged_confirmerr_feegaid_delete	The saved feega-ID does not match the member who left.\n(P19)
msged_confirmerr_anothermc_changed	The memory card (8MB) (for PlayStation®2) may have been swapped.\nSelect it again.
msged_buy_titlemenu_buy	Purchase a Service
msged_buy_titlemenu_cancellation	Cancel a Service
msged_buy_titlemenu_uselist_check	Purchase History
msged_buy_titlemenu_uselist_list	Available Services
msged_buy_explanation_fixed	Fixed-term plan:\nBuy access for a set period. Pay by credit card or WebMoney.\n\nSubscription:\nRenews monthly at a set price until cancelled, whether or not you use the service. Credit card only.\nIf your registered card becomes invalid, the service stops.
msged_buy_explanation_continuation	On the next screen, Select a Service, these icons show each service type.
msged_buy_explanation_icon_newbuy	Available to buy
msged_buy_explanation_icon_alreadybuy	Purchased
msged_buy_explanation_icon_addbuy	Can be extended
msged_buy_explanation_flatplan	Fixed-term plans can be extended by buying the same service again.
msged_buy_service_title	Select a Service
msged_buy_service_select	Select a service to buy.
msged_buy_service_select_dott	・
msged_buy_service_addbuy	Extend
msged_buy_service_newbuy	New
msged_buy_service_alreadybuy	Purchased
msged_buy_service_impossible	Unavailable
msged_buy_service_buyinfo_titlle	Details
msged_buy_service_buyinfo_servicename	Service: %s
msged_buy_service_buyinfo_status	Status: %s
msged_buy_service_buyinfo_presence	Purchase: %s
msged_buy_service_buyinfo_period	Expires: %04d/%02d/%02d
msged_buy_period_charge_titlle	Select a Plan
msged_buy_period_charge	Select a plan.\nSubscriptions can only be paid by credit card.\nAll prices include tax.
msged_buy_period_charge_yen	%s yen
msged_buy_service_agreement	Service Terms
msged_buy_service_agreement_ask	Do you agree to the service terms?\nYou cannot buy the service without agreeing.
msged_buy_payment_select_ask	Pay with the credit card registered to feega?
msged_buy_payment_select_titlle	Payment Method
msged_buy_payment_select	Select a payment method.
msged_buy_payment_select_creditcard_registration	Registered Credit Card
msged_buy_payment_select_creditcard	Another Credit Card
msged_buy_payment_select_webmoney	WebMoney
msged_buy_payment_changed_creditcard_info	For subscriptions, the paying card will be registered to feega.
msged_buy_input_creditcard_information	Enter your credit card information.
msged_buy_input_creditcard_period_info	The expiration date is printed on the front of the card as month/year.
msged_buy_contents_list	Order Summary
msged_buy_contents_service_name	Service: %s
msged_buy_contents_service	Plan: %s
msged_buy_contents_payment	Payment: %s
msged_buy_contents_charge	Price: %s yen (tax incl.)
msged_buy_contents_expire	Expires: %s
msged_buy_contents_notice	Subscriptions cancelled partway through a month are not refunded.
msged_buy_ask	Purchasing the service.
msged_buy_ask_buy	Buy now?
msged_buy_registration_creditcard	Credit card registered to feega.
msged_buy_registration_creditcard_ask	Register this credit card to feega?
msged_buy_registration_creditcard_guidance	Once registered, you will not need to enter it\neach time.
msged_buy_complete	Purchase Complete
msged_buy_service_complete	Your purchase is complete.
msged_buy_receipt_no	Order No.: %s
msged_buy_mail_confirmation	A confirmation will be sent to your registered email address. If it does not arrive, contact feega Customer Support.\nYour order number and inquiry number are needed when contacting feega Customer Support. Write them down.
msged_buy_scratch_input_titlle	Enter Scratch Number
msged_buy_scratch_input_ask	Enter the scratch number.
msged_buy_scratch_input_addcardno_ask	Enter an additional scratch number.
msged_buy_scratch_no	Scratch Number
msged_cancellation_service_continuation_ask	Only subscriptions can be cancelled.\nStarting cancellation.
msged_cancellation_service_title	Select a Service to Cancel
msged_cancellation_service_select	Select a service to cancel.
msged_cancellation_confirmation_title	Confirm Cancellation
msged_cancellation_confirmation	The following service will be cancelled.
msged_cancellation_notice	The service ends as soon as cancellation is complete, even if time remains in the current period.
msged_cancellation_send_information	Sending the cancellation to the server.\nDo not turn off the PlayStation®2 or disconnect the network.
msged_cancellation_sendto_server	Send now?
msged_cancellation_complete_title	Cancellation Complete
msged_cancellation_complete	The following service has been cancelled.
msged_cancellation_complete_string	%s
msged_history_title	Purchase History
msged_history_list_select	Select a service to view.
msged_history_string	%02d/%02d/%02d  %s
msged_history_detailinfo	Details
msged_history_orderno_string	Order No.: %s
msged_history_service_string	Service: %s
msged_history_payment_string	Payment: %s
msged_history_recive_string	Purchased: %04d/%02d/%02d
msged_history_sum_string	Amount: %s yen
msged_history_tax_string	Tax: %s yen
msged_history_sumintax_string	Total (tax incl.): %s yen
msged_servicelist_title	Available Services
msged_servicelist_service_select	Select a service to view.
msged_servicelist_service_detail	Details
msged_servicelist_servicelist	Service: %s
msged_servicelist_endless_period	Until cancelled
msged_servicelist_number_data	%04d/%02d/%02d
msged_servicelist_limit_string	Expires: %s
msged_error_leave_noservice_k01	The service is currently unavailable.\n(K01)
msged_error_leave_noservice_s01	The service is currently unavailable.\n(S01)
msged_error_leave_noservice_j03	The service is currently unavailable.\n(J03)
msged_error_leave_noservice_f06	The service is currently unavailable.\n(F06)
msged_error_leave_noservice_q01	The service is currently unavailable.\n(Q01)
msged_error_not_service	The service is currently unavailable.
msged_error_system_g01	A system error occurred.\nThe service is currently unavailable.\n(G01)
msged_error_system_f05	A system error occurred.\nThe service is currently unavailable.\n(F05)
msged_error_system_f08	A system error occurred.\nThe service is currently unavailable.\n(F08)
msged_error_system_h04	A system error occurred.\nThe service is currently unavailable.\n(H04)
msged_error_system_h05	A system error occurred.\nThe service is currently unavailable.\n(H05)
msged_error_system_h08	A system error occurred.\nThe service is currently unavailable.\n(H08)
msged_error_system_n04	A system error occurred.\nThe service is currently unavailable.\n(N04)
msged_error_system_n05	A system error occurred.\nThe service is currently unavailable.\n(N05)
msged_error_system_n08	A system error occurred.\nThe service is currently unavailable.\n(N08)
msged_error_system_w36	A system error occurred.\nThe service is currently unavailable.\n(W36)
msged_error_system_w31	A system error occurred.\n(W31)
msged_error_certification_fail	Authentication failed.\nThe information entered is incorrect.\n(A01)
msged_error_retry_over	Too many errors.\nPlease start over.\n(E01)
msged_error_network_disconnect	A network error occurred.\nCheck that all cables are connected.\n(E03)
msged_error_change_wrong_passwd	This password cannot be used. Use 6 to 16 characters with both letters and numbers.\n(H02)
msged_error_password	This password cannot be used. Use 6 to 16 characters with both letters and numbers.\n(N02)
msged_error_password_disagree	The password entered is incorrect.
msged_error_password_agreement	The passwords do not match.
msged_error_change_mailaddress_nodomain_n01	The email address may be incorrect.\nUse this address anyway?\n(N01)
msged_error_change_mailaddress_nodomain_h01	The email address may be incorrect.\nUse this address anyway?\n(H01)
msged_error_change_wrong_mailaddress	The email address entered is incorrect.\n(H03)
msged_error_mailaddress	The email address entered is incorrect.\n(N03)
msged_error_mailaddress_disagree	The email address entered is incorrect.
msged_error_mailaddress_agreement	The email addresses do not match.
msged_error_name	The name entered is incorrect.\n(N04)
msged_error_birthday	The date of birth entered is incorrect.\n(N05)
msged_error_notuse_expire_creditcard	The expiration date of the registered credit card is incorrect.\n(F03)
msged_error_change_creditcard_period_f03	The credit card expiration date is incorrect.\n(F03)
msged_error_change_creditcard_period_h07	The credit card expiration date is incorrect.\n(H07)
msged_error_change_creditcard_period_n07	The credit card expiration date is incorrect.\n(N07)
msged_error_change_postalcode_n09	The postal code entered is incorrect.\n(N09)
msged_error_change_postalcode_h10	The postal code entered is incorrect.\n(H10)
msged_error_creditcard_securitycode_f04	The security code entered is incorrect.\n(F04)
msged_error_creditcard_securitycode_n10	The security code entered is incorrect.\n(N10)
msged_error_creditcard_securitycode_h11	The security code entered is incorrect.\n(H11)
msged_error_notuse_creditcard	This credit card cannot be used.\nContact your card issuer.\n(E02)
msged_error_notuse_registration_creditcard	The registered credit card cannot be used.\n(F02)
msged_error_creditcard_disable_f02	This credit card cannot be used.\nPlease check it.\n(F02)
msged_error_creditcard_disable_j02	This credit card cannot be used.\nPlease check it.\n(J02)
msged_error_creditcard_disable_j03	This credit card cannot be used.\nPlease check it.\n(J03)
msged_error_creditcard_disable_n06	This credit card cannot be used.\nPlease check it.\n(N06)
msged_error_creditcard_disable_h06	This credit card cannot be used.\nPlease check it.\n(H06)
msged_error_creditcard_disable_c01	This credit card cannot be used.\nPlease check it.\n(C01)
msged_error_nocreditdata	No credit card information has been entered. Subscriptions require a registered credit card.\n(H09)
msged_error_buy	Purchases are currently unavailable.\n(B01)
msged_error_noservice_b02	No services are currently available to buy.\n(B02)
msged_error_noservice_b03	No services are currently available to buy.\n(B03)
msged_error_cancellation_noservice	There are no services to cancel.\n(B04)
msged_error_cancellation_connection_service	This service has related services. Cancel those first.\n(B05)
msged_error_no_history	No purchase history.\n(B06)
msged_error_history_max	There are more than 50 records.\nShowing the latest 50.\n(B07)
msged_error_no_enableservice_b08	No services are available.\n(B08)
msged_error_system_b09	This service cannot be selected.\nIt is past the purchase period.\n(B09)
msged_error_need_creditcard	This service requires a registered credit card. Register one from View/Change feega Registration in the feega menu.\n(B10)
msged_error_confusion_service	The server is busy.\n(F01)\n\nTry connecting again?
msged_error_registration_fail	Registration failed due to a system error.\n(F09)
msged_error_notbuy	Purchases are currently unavailable.\n(J01)
msged_error_period	The purchase period is invalid.\n(J04)
msged_error_noservice_webmoney	WebMoney payments are currently unavailable.\n(K02)
msged_error_nodelete_servicein_h12	The registered credit card cannot be deleted while you have a subscription.\n(H12)
msged_error_notuse_this_scratchno	This scratch number cannot be used.\n(W32)
msged_error_notuse_available_scratchno	This scratch number is not valid.\n(W33)
msged_error_nobalance_scratch	Insufficient balance.\nEnter another scratch number.\n(W34)
msged_error_already_buy_service_w35	You have already purchased this service.\n(W35)
msged_error_already_buy_service_f07	You have already purchased this service.\n(F07)
msged_error_addmax_w37	The maximum number of cards has been exceeded.\n(W37)
msged_error_freeservice	This service is in a free period.
dummy_ssl	Communication is encrypted with SSL.\nIt is secure.
dummy_author_free	The service is currently free.
dummy_author_charge	This is a paid service.
dummy_author_use_idpassword	Use your saved billing file?
dummy_msged_author_title	Authentication
msged_savecom_idpasswd_title	Save feega-ID and Password
dummy_title	feega
